RX,Pizza,Foster&Wheeler and Schwartz,Equatorial Guinea,3305,28,412,921,148
Rally Wagon 1500,Rustic Shoes,Juarez PLC,Ireland,9792,22,142,49,23
Murano,Used Pizza,Hayes-Howard,Mongolia,8751,32,460,186,537
QX80,Bacon,Miller Inc,Ecuador,4872,21,307,724,507
Roadmaster,Plastic Ball,Holloway Inc,San Marino,4349,30,470,622,342
Paceman,Awesome Shirt,Macias PLC,British Indian Ocean Territory (Chagos Archipelago),6613,21,237,692,777
Civic,Awesome Sausages,Thompson PLC,Trinidad and Tobago,6882,8,140,631,758
Equus,Refined Rubber Soap,Barr&Dominguez and Winters,Greenland,2673,3,33,243,374
Safari Passenger,Soap,Sweeney Ltd,Heard Island and McDonald Islands,6774,14,462,659,469
EcoSport,Chair,Mcdonald&Stephens and Campbell,Switzerland,1158,10,218,395,879
Eos,Rubber Chicken,King-Martin,Eritrea,7099,30,498,910,187
Impala,Generic Shoes,Murphy PLC,Myanmar,7468,21,84,523,974
Silverado 1500 Extended Cab,Rustic Tuna,Vega-Ross,Cuba,383,22,311,773,244
RC,Intelligent Soft Chicken,Collins Ltd,Venezuela,5151,8,379,505,71
Golf,For repair Hat,Floyd-Wells,Uzbekistan,3365,15,431,412,366
Cruze,Bacon,Vaughn&Hale and Shields,Netherlands,1316,29,243,191,64
Regal,Shoes,Young Ltd,Suriname,5115,24,436,905,769
MKS,Plastic Chicken,Edwards-Reynolds,Guernsey,2837,29,76,680,156
Sable,Intelligent Shoes,Johnson Group,American Samoa,4178,22,200,284,942
MX-5 Miata,Steel Towels,Oneal Ltd,Uganda,6293,15,201,14,962
Venture Passenger,Plastic Shirt,Campbell-Anderson,Iraq,3070,5,220,828,130
Corvette,Hat,Mccoy and Sons,Guyana,4427,26,466,120,960
C-Class,Used Keyboard,Payne&Taylor and Wade,Cameroon,1491,25,356,269,758
Stanza,Rustic Plastic Tuna,Collins&Kirby and Smith,Turks and Caicos Islands,7099,13,376,531,177
LX,Cotton Fish,Johnson-Baker,New Caledonia,2377,23,468,613,634
F150 Super Cab,Sleek Bike,Flores Ltd,Kazakhstan,4453,3,112,435,218
F12berlinetta,Handcrafted Ball,Mckenzie-Ward,Tunisia,6898,5,291,125,38
CL,Table,Willis-Taylor,Svalbard & Jan Mayen Islands,5654,3,344,607,930
Accord,New Chair,Ford-Taylor,Korea,3355,5,438,334,954
Grand Voyager,Incredible Chair,Chambers PLC,Croatia,3095,32,55,789,154
Aveo,Handmade Concrete Sausages,Watson&Freeman and Moore,Malta,8661,19,44,608,697
G,Intelligent Computer,Michael LLC,Estonia,3570,11,311,441,256
Monterey,Tasty Metal Gloves,Rodriguez PLC,Gibraltar,6551,29,490,338,221
Liberty,Wooden Computer,Kelly&Salas and Vance,Luxembourg,2973,34,317,380,888
M5,Small Soft Soap,Macdonald PLC,Philippines,6560,8,163,765,473
Ascent,Concrete Bike,Hughes-Wilson,Denmark,2001,24,242,186,140
Fiesta,Small Chips,Mcintyre-Romero,Ethiopia,1351,22,290,23,974
TL,Frozen Computer,Gregory&Berry and Gordon,New Zealand,3375,5,112,935,401
X5,Rustic Salad,English Group,Grenada,2902,21,85,76,422
Camry,Small Pizza,Jensen PLC,Equatorial Guinea,1050,9,273,755,310
Silverado 1500 Crew Cab,Car,Sharp-Barajas,Jamaica,9527,33,357,670,901
Montana,Ergonomic Steel Fish,Martin Ltd,Bulgaria,5454,10,67,506,760
Focus,Fresh Keyboard,Ross&Hudson and Thomas,Northern Mariana Islands,8214,32,425,671,924
9-7X,Plastic Sausages,Travis&Lozano and Pittman,Cook Islands,1581,30,127,175,4
Sportage,New Rubber Keyboard,Richards-Rodriguez,Canada,3341,32,393,350,346
Taurus,Refined Cotton Sausages,Price&Kim and Leonard,Montserrat,4234,19,280,117,448
Safari Cargo,Used Ball,Clay&Delacruz and Carson,Djibouti,3685,33,104,340,325
Traverse,Intelligent Cotton Pizza,Morgan&Coleman and Rollins,Vanuatu,6005,31,403,258,285
Range Rover,Wooden Towels,Brown PLC,Qatar,2879,11,140,319,144
Sebring,Small Hat,Moore and Sons,Heard Island and McDonald Islands,351,28,339,842,29
GS,Concrete Soap,Smith&Goodman and Barron,Estonia,8126,29,41,923,826
Tundra Double Cab,Chips,Robertson Ltd,Puerto Rico,5918,23,25,649,177
Mustang,Practical Keyboard,Walker-Luna,Nigeria,8019,15,466,320,500
960,Keyboard,Green&Hall and Mooney,Sao Tome and Principe,1827,5,162,988,595
E-Class,Ergonomic Cotton Chips,Hoffman-Cox,Oman,6389,6,309,159,615
Canyon Crew Cab,Mouse,Le&West and Braun,Philippines,409,31,467,973,564
Mercedes-Maybach S 600,Refined Chips,Jones&Hamilton and Gonzales,Gambia,564,32,256,782,89
Sierra 3500 HD Crew Cab,Granite Table,Casey-Dixon,Timor-Leste,3779,19,79,187,823
Vantage,Soft Cheese,Olsen-Rivas,Tokelau,6698,19,148,738,305
Express 3500 Passenger,Soap,Campbell-Rhodes,Heard Island and McDonald Islands,4573,27,413,554,426
911,Towels,Rodriguez-Diaz,Turks and Caicos Islands,5151,22,328,453,164
Matrix,Unbranded Soft Shoes,Gutierrez-Jones,Bolivia,8904,3,118,765,102
Express 1500 Cargo,Plastic Chair,Santos&Olsen and Sutton,Nicaragua,8061,16,57,552,905
Forenza,Shoes,Serrano-Madden,Montserrat,8753,8,255,759,149
Q40,Licensed Bike,Reyes LLC,Luxembourg,874,21,99,174,96
Savana 2500 Passenger,Chips,Little&Contreras and Green,British Indian Ocean Territory (Chagos Archipelago),2527,7,164,765,778
G-Series G30,Chicken,Fox-Flowers,Madagascar,8990,19,438,537,503
Neon,Handmade Salad,Ellis-Peterson,Macedonia,4142,9,456,597,676
Savana 1500 Cargo,Licensed Concrete Sausages,Curtis Inc,Moldova,1369,3,131,65,599
F350 Super Cab,Steel Car,Hood-Mccarthy,Argentina,2620,8,406,975,156
2500 Crew Cab,Shirt,Estrada-Simpson,Dominica,8290,27,446,598,907
NV1500 Cargo,Tasty Keyboard,Phelps-Watkins,Finland,1826,28,190,761,756
Eldorado,For repair Bike,Collins-Lewis,Azerbaijan,7122,21,38,364,460
Silverado 3500 HD Double Cab,Wooden Soap,Phillips&Cooke and Morales,Heard Island and McDonald Islands,827,34,205,586,849
Accent,Granite Soap,Holmes Group,Niger,4668,9,177,679,765
Tacoma Double Cab,Towels,Cox-Perez,Antigua and Barbuda,818,4,125,378,353
SL-Class,Handmade Fresh Chair,Coleman-Edwards,Chad,8769,4,51,890,281
Escape,Awesome Bacon,Benton-Wu,Holy See (Vatican City State),3543,28,430,37,385
Tacoma Regular Cab,Wooden Towels,Rocha&Oliver and Morales,Sweden,2457,8,183,535,577
Tacoma Access Cab,Gorgeous Metal Cheese,Reyes&Butler and Lopez,Cocos (Keeling) Islands,4449,20,429,775,108
Sedona,Cheese,Romero-Alvarez,Belarus,4446,35,146,719,575
6 Series,For repair Soft Keyboard,Ball-Stewart,Colombia,1313,29,457,143,204
MAZDA3,Licensed Salad,Moore&Scott and Crosby,Malta,5048,30,494,549,840
Silverado 1500 Regular Cab,Bacon,Hall&Miller and Reeves,Georgia,5702,31,14,187,359
Element,Tasty Cotton Hat,Griffin Ltd,Saint Lucia,9606,3,130,279,295
Five Hundred,For repair Rubber Car,Good-Edwards,Angola,1326,15,210,636,463
G6,Chicken,Salas-Schaefer,Cayman Islands,4303,18,304,154,46
Colorado Crew Cab,Small Keyboard,Foster-Oliver,Norfolk Island,7870,35,78,910,923
CLK-Class,Used Car,Mullins PLC,Swaziland,7635,17,213,699,554
RLX,Licensed Rubber Soap,Schultz-Gonzalez,Austria,1921,12,420,762,214
TT,Hat,Dickson&Barrera and Stone,Pakistan,9372,8,107,88,544
Sierra 3500 Extended Cab,Handcrafted Towels,Newton&Gonzales and Lopez,Myanmar,2854,35,100,626,818
A6,Chicken,Blackwell-Gibbs,Bolivia,2422,11,139,942,339
Grand Caravan Passenger,Ball,Allison-Mendoza,Morocco,5324,28,448,831,383
Sentra,Ergonomic Gloves,Hebert&Contreras and Harper,Dominica,9026,28,308,901,356
Monte Carlo,Intelligent Car,Lopez and Sons,Fiji,2531,10,320,976,940
Viper,Steel Ball,Fuentes&Stewart and Scott,Turkey,3513,6,95,154,435
Tundra CrewMax,Rubber Sausages,Gonzalez-Collins,Bosnia and Herzegovina,7564,13,329,695,280
9-2X,Salad,Williams-Miles,Iran,6972,18,376,969,232
Golf GTI,Sleek Pizza,Conner Ltd,Australia,226,8,186,75,643
Frontier King Cab,Unbranded Concrete Hat,Wilson-Johnson,United Kingdom,2702,8,219,963,254
CLA,Handmade Keyboard,Johnson and Sons,Northern Mariana Islands,7653,28,87,725,245
Sprinter 2500 Passenger,Ergonomic Concrete Computer,Ellis-Faulkner,Turkmenistan,2507,27,9,647,752
1500 Regular Cab,Handcrafted Sausages,Smith and Sons,Saint Barthelemy,6034,34,398,793,878
Axiom,Computer,Morris Group,Sierra Leone,2796,22,364,516,40
Equator Extended Cab,Generic Pants,Gomez Ltd,Cyprus,8430,25,175,507,401
Town Car,Mouse,Hicks-Cervantes,Mauritius,6829,9,295,66,944
TSX,Keyboard,Vega&Haney and Morton,Cayman Islands,1694,10,19,322,865
GTI,Handcrafted Sausages,Greene-Ford,Azerbaijan,3992,18,249,640,629
Impreza,Refined Salad,Bonilla-Wolf,Marshall Islands,5704,12,13,299,424
Sierra 2500 HD Double Cab,Handcrafted Hat,Butler&Lynn and Mcmahon,Tuvalu,4014,20,347,737,504
HHR,Towels,Hughes Inc,Uzbekistan,7280,16,115,812,964
M2,Steel Bike,Ashley-Kennedy,Nauru,9396,4,71,774,303
F150 Regular Cab,Cotton Hat,Reese Group,Nepal,897,10,366,435,917
S-Type,Incredible Plastic Soap,Henry-Anderson,Kiribati,1156,9,219,641,938
Ridgeline,For repair Concrete Soap,Rowe-Harris,Comoros,1167,30,236,439,480
Milan,Table,Smith Inc,Colombia,5510,10,413,780,84
GT,Ball,Moore-Cummings,Romania,7738,36,431,925,500
Aerostar Cargo,Gorgeous Soap,Romero&Miller and Harris,Djibouti,8235,16,181,469,38
F350 Super Duty Regular Cab,Fantastic Pizza,Williams&Valencia and Reed,Holy See (Vatican City State),8055,21,182,969,323
Bonneville,Tuna,Daniels Inc,Georgia,4438,11,37,84,958
Rapide,Rustic Plastic Gloves,Moore&Wu and Wheeler,Syrian Arab Republic,5564,32,392,164,665
Cutlass,Awesome Plastic Sausages,Cox-Thompson,Tanzania,852,13,218,901,146
Silverado 3500 HD Regular Cab,Plastic Shirt,West-Lewis,United Arab Emirates,9580,6,299,251,570
Spectra,Tasty Tuna,Cohen and Sons,Azerbaijan,4659,33,462,101,373
Stinger,Wooden Soap,Stewart-Stewart,Ukraine,5797,4,298,447,323
Rondo,Refined Cotton Shoes,Mcguire Ltd,Austria,5713,8,251,592,117
Echo,Gorgeous Metal Towels,Daniels&Leon and Costa,South Georgia and the South Sandwich Islands,1269,20,177,734,650
Aztek,Cotton Pants,Castillo&Williams and Wong,New Caledonia,9538,6,70,840,815
XL-7,New Concrete Shirt,Hale-Johnson,Pitcairn Islands,6862,31,284,729,812
Mulsanne,Licensed Cotton Salad,Wilson&Morgan and Green,Paraguay,5656,5,72,189,64
E150 Cargo,Tuna,Love-Bailey,Grenada,7601,35,422,644,386
Silhouette,Table,Fisher Ltd,Nicaragua,6579,8,208,898,428
H2,Cotton Keyboard,Boyd-Fitzgerald,Iceland,9817,34,307,543,292
Pacifica,Small Cheese,Compton Group,Tonga,9759,36,64,582,217
430 Scuderia,Pants,Andrews&Silva and Nguyen,Macao,4826,22,396,137,345
S70,Shirt,Pearson-Hall,El Salvador,7665,4,101,309,780
Dakota Club Cab,Fantastic Chips,Erickson-Chapman,Madagascar,3570,4,198,880,934
Grand Vitara,Fantastic Sausages,Dickson LLC,Malawi,1111,31,72,8,318
Mariner,Used Sausages,Mitchell-Rodriguez,Anguilla,4990,29,489,184,895
Xterra,Plastic Gloves,Johnson-Williams,Burundi,4282,22,375,496,98
Achieva,Handcrafted Shirt,Vasquez-Beard,Bosnia and Herzegovina,8127,19,170,901,997
Scoupe,Sleek Soft Ball,Orozco&Watson and Jackson,Azerbaijan,435,3,233,405,984
fortwo,Rustic Soft Ball,Cortez-Crawford,Sweden,7156,36,14,677,56
FF,Chair,Harris-Salazar,Niger,752,4,94,404,83
Navigator,Steel Pizza,Alvarez-Castillo,Singapore,3814,27,431,58,175
Ram 2500 Club Cab,Fantastic Sausages,Peters Group,Sri Lanka,4456,28,13,867,269
H3T,Used Cotton Tuna,Hughes&Peterson and Roberts,Guyana,5917,25,47,192,757
Tracer,Handmade Granite Table,Jennings Inc,Peru,6703,13,408,476,849
7 Series,Car,Garcia&Yang and Chen,El Salvador,9655,24,115,694,619
Expedition MAX,Unbranded Granite Bacon,Williams&Wilcox and Merritt,Iran,1654,36,424,578,597
Sprinter 2500 Crew,Fresh Chips,Taylor-Castillo,Saint Barthelemy,3126,11,16,559,347
Enclave,Generic Shirt,Krause Inc,Czech Republic,2902,25,487,346,778
CTS-V,Metal Pizza,Hood-Webb,Cambodia,5049,32,417,391,98
Justy,Generic Chips,Hodges PLC,Cyprus,8348,6,482,93,531
Malibu,Rustic Computer,Hess&Gonzalez and Jarvis,Tuvalu,4622,16,380,787,704
Vanquish S,Sausages,Cook-Smith,Korea,9258,32,317,322,137
Prius Plug-in Hybrid,Ergonomic Mouse,Thornton-Mccoy,Eritrea,1433,21,286,97,393
2500 Regular Cab,Ergonomic Computer,Fuller&Rojas and Hernandez,Kuwait,4873,15,208,157,66
RDX,Wooden Keyboard,Ward-Gomez,Chad,2559,21,122,709,164
TITAN XD Crew Cab,Soap,Esparza LLC,Finland,3168,11,119,155,300
Silverado 2500 Regular Cab,Tuna,Coleman-Bailey,Uzbekistan,2332,36,157,714,283
4Runner,Metal Bacon,Dunn Ltd,Morocco,8593,28,291,544,22
Jetta,Tasty Gloves,Kennedy PLC,Netherlands Antilles,8948,4,320,268,923
Envoy,Awesome Concrete Towels,Walker-Rodriguez,Somalia,9175,29,19,788,601
488 GTB,Car,Phelps&Owens and Torres,Grenada,7732,36,66,259,950
Astro Passenger,Awesome Granite Shirt,Simon LLC,Cape Verde,9846,29,85,974,188
Caravan Passenger,Fantastic Wooden Salad,Thomas-Chavez,Liechtenstein,3188,35,42,586,576
Sprinter 2500 Cargo,Tasty Mouse,Lopez-Long,Mauritius,653,21,307,668,158
S3,Soft Ball,Jordan&Robinson and Peterson,Netherlands Antilles,4318,19,173,863,597
SLC,Rubber Bacon,Vazquez PLC,Mali,8589,9,198,745,650
Vandura 3500,Gently Used Fresh Shoes,Cook&Fisher and Medina,Maldives,4348,33,276,239,248
S7,Refined Wooden Towels,Green Group,Sudan,1034,12,13,576,577
LC,Rubber Car,Nunez Ltd,Egypt,9332,25,372,747,326
CLA-Class,Concrete Keyboard,Johnson-Ward,Vanuatu,1006,36,209,262,205
Metris Passenger,Fantastic Frozen Hat,Turner Ltd,Syrian Arab Republic,5005,23,299,580,502
F250 Super Duty Super Cab,Chair,Lawrence-Walters,Heard Island and McDonald Islands,6969,5,113,558,327
Fusion,Refined Ball,Green LLC,Papua New Guinea,7675,20,36,89,940
Range Rover Sport,Plastic Chicken,Dodson&Brown and Duarte,Zimbabwe,8124,22,217,165,312
X6 M,Cotton Tuna,Thompson-Alvarado,El Salvador,8320,4,122,36,886
Aurora,Unbranded Bacon,Kline LLC,Faroe Islands,6069,28,200,276,558
Fit,Metal Chicken,Bowers LLC,Northern Mariana Islands,2747,28,298,861,955
Optima (2006.5),Sleek Metal Hat,Murray-Bell,Falkland Islands (Malvinas),2799,28,361,168,546
Elantra,Plastic Car,Jones-Nguyen,Western Sahara,8301,22,14,139,627
Crossfire,Concrete Tuna,Carroll&Nguyen and Jackson,Guinea,3878,21,468,632,274
Grand Marquis,Awesome Keyboard,Waller&Mcintosh and Sharp,Serbia,7117,23,273,503,233
Express 2500 Cargo,Fantastic Fresh Soap,Mcdaniel&Kirk and Smith,Portugal,399,29,458,968,316
Esteem,Fantastic Granite Table,Walker Ltd,Germany,4442,25,337,788,230
Lumina Passenger,Used Soft Chair,Padilla LLC,Slovakia (Slovak Republic),1079,15,74,798,360
Explorer Sport Trac,Chicken,Mclean&Hamilton and Hughes,Iceland,1610,23,84,223,71
Cayenne,Gently Used Chair,Mcfarland Group,Georgia,5363,36,289,559,455
TITAN XD King Cab,New Fresh Mouse,Medina&Hall and Miller,Bahamas,3824,28,323,623,590
LaCrosse,Awesome Chicken,Brown-Rodriguez,Hong Kong,2163,16,495,586,581
2500 HD Regular Cab,Gloves,Smith&Roberts and Gibbs,Cambodia,9827,21,37,844,723
RAV4,Hat,Cannon-Nguyen,Mongolia,6808,26,227,440,882
Optima Hybrid,New Frozen Table,Schaefer Ltd,Jamaica,4972,18,311,627,61
SKY,Soap,Stephens-Reid,Saint Kitts and Nevis,3294,6,52,627,726
Protege,For repair Rubber Car,Tucker-Smith,Egypt,849,6,415,877,372
fortwo electric drive,Handmade Granite Shirt,Garcia-Fernandez,Ukraine,8767,3,107,930,382
RSX,Chicken,Parker-Schroeder,Bulgaria,5971,32,100,562,802
Ram Van B250,Small Granite Chicken,Pacheco&Marsh and Smith,Ireland,6101,28,412,390,118
Trans Sport,Practical Mouse,Mcdonald-Hamilton,Lebanon,6874,21,377,989,715
E350 Super Duty Cargo,For repair Ball,Clark PLC,Mauritius,4725,24,273,142,603
Titan King Cab,Granite Cheese,Moore-Herring,Kuwait,9676,5,495,762,526
Thunderbird,Fish,Simmons&Cowan and Davis,Mayotte,2427,4,225,597,93
NX,Rustic Concrete Shoes,Weeks-Pennington,Germany,3169,11,313,749,448
Supra,Pizza,Payne Inc,Romania,4436,22,111,547,302
A4,For repair Gloves,Parker-Crawford,Japan,9315,9,410,233,924
A7,New Soft Car,Salinas&Garrison and Williams,Jamaica,4128,18,19,555,466
Trooper,Concrete Car,Mendez&Palmer and Chase,Solomon Islands,6557,26,465,41,237
Sierra 1500 Regular Cab,Rubber Bacon,Miller-Stephens,Cameroon,8815,25,430,512,551
Ghost,New Computer,Shaw&Taylor and Hernandez,Chad,2561,34,245,320,92
Ram 2500 Regular Cab,Intelligent Rubber Ball,Sanders&Rios and Walker,Burkina Faso,1266,17,26,733,242
Evora 400,Tuna,Nguyen-Mullen,Gabon,2812,8,94,252,7
Elantra GT,Tuna,Mccarthy Ltd,Christmas Island,7381,24,299,951,150
CTS,Fantastic Sausages,Clark and Sons,Ecuador,4975,3,124,191,161
Aspen,Granite Sausages,Dunn-Johnson,China,7469,36,112,863,877
Raider Extended Cab,Gorgeous Shoes,Rogers LLC,Taiwan,9060,18,330,623,157
xB,Car,Oneill-Aguilar,Bahrain,2679,15,111,921,997
Express 2500 Passenger,Ball,Cox&Wells and Nash,Philippines,2353,7,384,2,182
Grand Cherokee,Small Metal Tuna,Frost-Bridges,Spain,3482,23,417,717,817
Voyager,Bacon,Burton-Wallace,Bulgaria,9715,11,214,396,626
Corolla,Rustic Mouse,Frank-Yoder,Haiti,4182,19,271,780,116
CX-5,Granite Pizza,Reed PLC,Madagascar,8470,7,189,589,3
LS,Fantastic Bacon,Stevens Group,Brazil,9808,36,427,814,626
Terrain,Awesome Table,Mcpherson Ltd,Kazakhstan,8931,14,198,618,804
Regular Cab,Cheese,Robinson-Norton,Nicaragua,7822,5,209,438,722
Land Cruiser,Refined Rubber Chips,Thomas-Ellis,Saint Pierre and Miquelon,4683,15,248,267,347
Forester,Handmade Bacon,Andrews&Noble and Wilkerson,Uruguay,5162,14,118,102,89
Endeavor,For repair Rubber Computer,Johnson&Price and Melton,Swaziland,162,34,382,764,692
Mercedes-AMG GLE Coupe,Sausages,Freeman&Olson and Leon,Serbia,6547,36,314,45,922
XLR,Metal Towels,Webster&Saunders and Horton,Czech Republic,174,9,283,105,267
Rogue,Plastic Salad,King&Bailey and Williamson,Kyrgyz Republic,3689,9,332,514,679
Sonata,Used Bike,Ryan&Jones and Richards,Malta,8025,25,304,322,592
CLS-Class,Rustic Frozen Soap,Schwartz Group,Indonesia,5636,21,219,592,275
E350 Super Duty Passenger,Practical Sausages,Sosa-Harris,Lithuania,9352,24,215,835,912
XV Crosstrek,Shoes,Miller-Aguilar,Marshall Islands,4780,12,405,133,270
E250 Super Duty Cargo,Soap,Holland&Simpson and Allen,Svalbard & Jan Mayen Islands,7206,14,293,23,482
NV3500 HD Passenger,Fresh Cheese,Macdonald-Conner,United States Virgin Islands,4787,12,449,660,385
Mark LT,Gently Used Plastic Fish,Molina LLC,Mexico,659,11,439,354,220
ES,Intelligent Ball,Garcia-Miller,Macedonia,581,17,206,677,88
Dakota Extended Cab,Handmade Fresh Towels,Shelton LLC,Trinidad and Tobago,4475,23,91,950,601
Boxster,Sleek Frozen Computer,Pacheco&Pitts and Eaton,American Samoa,1557,12,279,6,545
Galant,Bacon,Villegas-Haynes,Maldives,7073,19,391,301,139
Soul EV,Shoes,Sanders&Diaz and Bullock,El Salvador,916,6,79,555,869
Aventador,Metal Towels,Lopez&Edwards and Anderson,Germany,6705,3,40,107,176
Suburban 2500,Intelligent Metal Pants,Kim&Meyer and Castro,Trinidad and Tobago,8154,31,141,786,919
500X,Soft Cheese,Hoffman PLC,India,1650,4,472,215,623
Tribute,Rubber Keyboard,Mills-Taylor,Heard Island and McDonald Islands,9681,8,173,490,85
Cayman,Granite Tuna,Velazquez-Dunn,Thailand,7068,14,429,416,640
Vigor,Practical Concrete Hat,Hanna&Gonzales and Mitchell,Niue,5920,18,263,683,733
F-TYPE,For repair Rubber Keyboard,Tran-King,Greenland,4177,36,288,109,801
Tundra Regular Cab,Awesome Soap,Allen LLC,Italy,2254,4,25,635,389
8 Series,Granite Pizza,Jefferson&Booth and Glover,Qatar,1233,6,209,168,930
Volt,Fantastic Gloves,Schmidt&Miller and Peters,Kenya,3332,8,342,221,403
GL-Class,Licensed Chair,Williams-Hill,Albania,6803,24,193,387,301
Sunfire,Salad,Marsh&Moore and Perez,Kyrgyz Republic,4146,23,209,692,927
S-Class,Salad,Evans&Pugh and Preston,Uganda,7783,31,155,286,563
Suburban,Granite Pants,Maxwell&Spencer and Carlson,Belgium,8455,34,92,244,768
Silverado 2500 Extended Cab,Sausages,Mcdonald-Phillips,Belarus,6438,22,296,557,431
400 E,Gorgeous Metal Table,Turner&Ward and Rivera,Mongolia,9552,14,222,180,262
S4,Hat,Estrada-Lewis,Hungary,9579,8,234,1000,257
Journey,Plastic Shoes,Evans&Mcconnell and Andersen,Uruguay,671,6,152,230,168
CR-V,Gently Used Steel Towels,Turner-Valdez,Martinique,3385,10,277,739,975
Mercedes-AMG CLA,Handmade Metal Salad,Cannon-Larson,Bhutan,2933,20,84,801,409
Vandura G2500,Metal Tuna,Bradford-Price,Saint Martin,3027,25,30,159,570
Silverado 2500 HD Regular Cab,Small Metal Pizza,Mata&Tran and Jacobs,Tanzania,4885,12,145,351,571
LeMans,Rustic Soft Chicken,Schaefer-Rich,Zambia,5284,36,195,878,1000
Cascada,Metal Keyboard,Wilkins and Sons,France,5934,25,387,58,414
Express 1500 Passenger,Cotton Computer,Price and Sons,Belgium,2443,28,9,514,50
Outlander,New Frozen Fish,Hodge Group,Czech Republic,6646,5,357,353,511
Loyale,Ball,Mason-Clark,Sweden,5362,34,264,450,924
Tundra Access Cab,Sleek Soft Gloves,Holland&Chase and Hernandez,Australia,6741,20,381,834,37
Ram 3500 Club Cab,Frozen Mouse,Harrison-Lee,Cameroon,9997,36,57,434,871
5 Series,Generic Rubber Towels,Greene&Gutierrez and Gonzalez,Iraq,3601,23,232,660,129
Metris Cargo,Used Fresh Cheese,Jones-Brown,Tunisia,4568,17,282,83,922
i8,Salad,Hernandez&Burns and Carroll,Costa Rica,9107,11,366,146,721
Expedition,Licensed Steel Bacon,Warren&Coffey and Haynes,Faroe Islands,5909,3,424,801,785
LeSabre,Pants,Brown&Hayes and Harper,Zimbabwe,852,29,91,893,634
X3,Cotton Sausages,Higgins&Craig and Schroeder,Australia,6214,32,12,708,206
Alero,Bacon,Griffin Inc,Burundi,7003,5,471,347,925
G-Class,Intelligent Soft Salad,Parsons Inc,Moldova,9814,17,405,150,939
3500 Club Coupe,New Metal Ball,Bates Inc,Rwanda,5635,14,343,800,567
Azera,Chips,Livingston-Ibarra,Svalbard & Jan Mayen Islands,3347,34,229,224,779
Savana 2500 Cargo,Intelligent Plastic Pants,Solomon&Lynch and Price,Saudi Arabia,2232,32,291,325,90
i-370 Extended Cab,Fresh Car,Johnson&Chang and Bryant,Sao Tome and Principe,1954,15,164,786,513
M3,Incredible Rubber Mouse,Jackson-Bowers,Falkland Islands (Malvinas),9895,3,37,120,460
Villager,Wooden Fish,Rodriguez&Rios and Moore,Belize,8854,28,261,164,961
New Beetle,Keyboard,Benson Ltd,Tuvalu,3274,16,288,69,50
M,Chair,Lee&Hughes and James,Congo,8191,18,396,688,487
C70,Tasty Fresh Towels,Wilson-Park,Hungary,2831,36,73,382,961
Golf SportWagen,For repair Wooden Computer,Lawson-Long,Haiti,6646,22,202,656,109
Stratus,Metal Bacon,Jackson-York,Samoa,1677,6,417,77,784
MX-5 Miata RF,Practical Chair,Johnson-Lopez,Central African Republic,7381,17,491,22,309
Quattroporte,Pants,Peterson Ltd,Macao,8596,19,418,824,130
Savana 1500 Passenger,New Chair,Smith&Mathews and Moses,Uzbekistan,4727,13,425,431,828
WRX,Gorgeous Fresh Towels,Pugh&Jenkins and Ruiz,Venezuela,4457,33,171,167,590
Golf R,Frozen Soap,Johnson and Sons,Turks and Caicos Islands,6279,7,232,925,552
Acclaim,Wooden Gloves,Lucas&Barron and Russell,Macao,4060,21,49,693,784
Excursion,For repair Rubber Soap,Wright-Smith,Kenya,8363,24,352,770,969
GX,Soft Chips,Johnson Ltd,Uruguay,946,5,75,644,158
F250 Super Cab,Wooden Pizza,Hernandez-Russo,French Guiana,4168,35,116,149,38
NV2500 HD Cargo,Salad,Rush-Mccall,Niger,9259,25,313,137,858
Diamante,Practical Cheese,Collins-Wright,Pakistan,2526,25,107,848,679
F250 Super Duty Crew Cab,Intelligent Fresh Bacon,Rodriguez-Valencia,Slovakia (Slovak Republic),4717,14,446,952,130
Sidekick,Shirt,Rogers-Ho,Saint Barthelemy,3893,15,322,396,13
Crown Victoria,Frozen Ball,White-Boyer,Comoros,916,33,488,348,627
A8,Shoes,Coffey Group,Trinidad and Tobago,9493,12,238,545,311
LeBaron,Gently Used Computer,Cooper-Spencer,Thailand,5647,20,381,11,801
350Z,Fantastic Soft Tuna,Hunter-Stevenson,Aruba,741,32,153,387,339
SLR McLaren,Granite Mouse,Andersen&Ramirez and Brown,Slovakia (Slovak Republic),301,22,377,319,389
5-Sep,Generic Shoes,Schneider&Lane and Rodriguez,Guernsey,6592,35,351,428,743
XJ,Chair,Myers&Pope and Mcguire,United Arab Emirates,6176,26,392,749,28
V90,Cheese,Wall-Brown,Niue,3591,28,441,827,184
370Z,Bike,Miller-Yang,Christmas Island,9936,13,328,913,948
I-PACE,Rustic Salad,Barton-Martinez,New Zealand,2856,29,434,847,962
D150 Club Cab,Gorgeous Keyboard,Jackson PLC,Norfolk Island,3960,7,30,146,78
NSX,Refined Concrete Bacon,Barnes Inc,Belgium,5454,31,280,349,854
i-280 Extended Cab,Handmade Table,Rodgers-Hayes,San Marino,3637,12,199,351,151
Sephia,Fish,Morris-Mcclure,Congo,5596,10,205,312,794
Genesis,Tasty Concrete Shirt,Welch&Snyder and Johnson,Afghanistan,3036,10,453,471,340
Econoline E150 Cargo,Gently Used Ball,Martinez&Galvan and Nolan,Macao,1673,13,286,787,886
xA,Practical Salad,Parks Group,Sao Tome and Principe,5210,5,183,981,652
SX4,Fresh Hat,Bryan&Davis and Rodriguez,Guyana,8065,28,42,11,595
Celica,For repair Shirt,Bryant and Sons,Haiti,5248,23,273,485,742
Lumina,Handcrafted Cotton Chair,Kennedy and Sons,French Polynesia,3980,36,373,48,816
V70,Mouse,Romero&Tran and Vaughan,Slovakia (Slovak Republic),5661,15,64,523,819
57,Refined Rubber Keyboard,Woodard-Ellison,Colombia,6945,28,435,480,514
Rio,Cotton Chips,Stewart&Khan and Mccoy,Costa Rica,3637,16,229,834,251
Passat,Ball,Raymond&Floyd and Miller,Niue,2217,8,388,990,960
S90,Plastic Mouse,Ellis Inc,Ireland,9523,32,302,263,738
Sienna,Pants,Reed&Lindsey and Reyes,Morocco,2736,27,191,828,939
Q,Soft Chips,Miller and Sons,Trinidad and Tobago,9218,34,400,388,948
Prius,Incredible Bacon,Garcia-Bowers,Martinique,4366,15,70,481,789
500,Refined Cheese,Owens Ltd,Ethiopia,2557,20,383,198,940
S40,Soap,George LLC,Ghana,7967,24,47,185,818
Silverado 1500 HD Crew Cab,Ergonomic Ball,Ramsey-Klein,Saint Pierre and Miquelon,3866,23,248,708,593
B-Series Cab Plus,Metal Sausages,Smith&Clark and Perez,Uzbekistan,4138,7,97,745,21
MKX,Licensed Chips,Crawford PLC,Eritrea,8969,19,431,441,468
Concorde,Sausages,Moreno&Morris and Willis,Algeria,3766,27,125,938,596
Spark,Generic Chips,Carlson&Kelly and Paul,San Marino,9785,11,63,271,237
H1,Ball,Harris Group,Jordan,7626,31,129,457,156
3-Sep,New Ball,Dixon-Keller,Panama,4857,17,237,727,149
Park Avenue,Metal Shoes,Wilson Ltd,Puerto Rico,4463,19,40,79,956
SRX,Awesome Bacon,Stokes-Guerrero,Senegal,4616,4,145,839,31
Sierra 2500 HD Extended Cab,Granite Soap,Lane and Sons,Palestinian Territory,5747,11,251,851,490
RLX Sport Hybrid,Used Wooden Table,Miller-Quinn,Dominica,4957,27,52,736,131
B-Class,Sleek Cheese,Gentry Ltd,Luxembourg,2972,25,209,597,122
Montero Sport,Pizza,Byrd LLC,Iceland,4651,24,367,127,913
Ascender,Chips,Martin&Anderson and Barrera,Mongolia,192,31,352,71,840
Mercedes-AMG SL,Incredible Frozen Bacon,Marshall and Sons,Afghanistan,2933,26,498,391,117
F150 SuperCrew Cab,Tasty Concrete Hat,Miller-Williams,Greece,3843,17,453,281,379
3500 Crew Cab,New Soft Keyboard,Gentry&Robinson and Lynn,Ethiopia,2670,22,82,368,475
Avalon,Chicken,Buckley&Bryant and Vasquez,Barbados,5102,36,316,556,281
Explorer,Cotton Towels,Alexander-Mathews,Zambia,9649,17,338,968,159
Town & Country,Plastic Car,Pittman-Parker,Puerto Rico,1656,28,140,860,954
Colorado Extended Cab,Granite Cheese,Wong-Fox,Paraguay,882,29,241,786,270
Escort,Licensed Concrete Mouse,Ballard-Davis,Palau,156,6,498,314,67
XL7,Concrete Bike,Gonzales&Smith and Evans,Suriname,3567,18,60,662,284
Fox,Computer,Cantrell&Booth and George,Niger,5885,23,151,958,93
Silverado 3500 HD Crew Cab,Cotton Hat,Collins-Roberts,Bangladesh,6998,3,438,469,554
Optima,Chips,Gibson&Neal and Alvarado,Saint Kitts and Nevis,5945,18,93,695,719
Econoline E250 Cargo,Soft Mouse,Jordan Ltd,Georgia,9053,29,106,612,508
Intrepid,Cotton Towels,Espinoza&Silva and Johnson,Faroe Islands,4921,22,232,8,568
Grand Caravan Cargo,Licensed Cotton Salad,Roy&Jones and Reyes,Mauritania,4049,12,110,848,844
Civic Type R,Licensed Granite Fish,Becker Inc,Mexico,5570,15,395,94,652
Mirage,Salad,Herrera PLC,Brazil,1742,29,15,875,519
Pilot,Sleek Salad,Morgan Ltd,Ecuador,3122,24,183,103,761
Crosstrek,Small Frozen Fish,Munoz&Tran and Ford,Western Sahara,8927,6,344,837,785
ProMaster Window Van,Gently Used Plastic Pizza,Parker LLC,Brunei Darussalam,9349,17,5,32,140
Colorado Regular Cab,Ergonomic Pants,George Group,Austria,6231,22,122,611,136
Windstar Passenger,Bike,Bailey-Knight,Reunion,9914,10,117,70,430
California,Handmade Concrete Sausages,Martinez Group,Armenia,5200,20,202,380,234
Defender 90,Handmade Wooden Bacon,Wright-Valdez,France,3977,7,346,590,737
Tribeca,Soft Pizza,Myers-Mitchell,Pitcairn Islands,152,20,144,50,589
SC,Steel Keyboard,Crawford and Sons,Syrian Arab Republic,109,15,173,885,985
Cabrio,Gloves,Wilcox&Hale and Andrade,Seychelles,875,36,233,333,953
Sierra 1500 Extended Cab,Chair,Barker-White,Faroe Islands,4167,34,156,937,381
Cavalier,Bacon,Carter&Harrington and Malone,El Salvador,8396,11,52,358,508
S10 Extended Cab,Bike,Johnston-Meza,United States Virgin Islands,3003,32,129,359,826
Versa,Salad,Soto-Santiago,Croatia,1432,29,420,968,462
Transit 350 Van,Shoes,Bennett&Howell and Liu,Suriname,8155,16,437,211,340
Challenger,Concrete Keyboard,Burke&Booker and Miller,Madagascar,4679,7,17,573,286
Patriot,Cotton Hat,Johnson-Larson,Maldives,2116,32,45,563,379
Sierra (Classic) 1500 HD Crew Cab,Refined Concrete Soap,Dyer PLC,Mexico,7715,25,375,509,743
Mighty Max Regular Cab,Plastic Chicken,Wilson&Martinez and Gomez,Israel,4172,21,119,649,413
Continental,Computer,Morris-Townsend,Macao,6443,14,33,271,483
Freelander,Plastic Chips,Fowler-Mcdonald,Greenland,5429,23,145,899,432
XG350,Rubber Hat,Barron-Summers,Montenegro,277,16,367,313,873
B-Series Regular Cab,Rubber Bike,Reynolds Group,Cyprus,7766,6,399,343,612
Impulse,Handmade Bike,Smith&Perry and Martin,Mongolia,5680,15,82,200,314
Suburban 1500,Steel Chips,Grant and Sons,Bhutan,4191,19,171,959,505
Frontier Regular Cab,Steel Salad,Santiago&Ayala and Burgess,Zambia,8397,13,380,898,362
Z8,Rustic Towels,Gray-Delgado,Iceland,3806,32,372,466,420
V40,Intelligent Gloves,Paul and Sons,Mali,7579,10,173,902,68
MKT,Licensed Chicken,Wilson Inc,Netherlands,2046,14,91,286,357
F350 Regular Cab,Incredible Chair,Grimes&Murray and Riley,Netherlands,6957,7,271,39,35
Escalade EXT,Rustic Pizza,Camacho LLC,Iran,922,6,130,280,990
A5,Gloves,Duke-Carter,Andorra,6541,12,153,636,282
Silverado 2500 HD Extended Cab,Unbranded Towels,Schultz&Walker and Mcpherson,Yemen,8794,14,44,370,615
Vanquish,Granite Bike,Miller Ltd,Norway,5113,4,389,277,710
Relay,Wooden Chips,Vaughn Ltd,Ireland,1112,35,182,56,89
Contour,Used Pants,Miller-Young,Mexico,4672,25,443,702,834
3 Series,Steel Ball,Myers-Wood,Fiji,8672,24,267,579,91
Transit 350 Wagon,Keyboard,Gomez Group,Reunion,2937,29,249,961,566
Veloster,Practical Salad,Perez&Roth and Hamilton,Timor-Leste,2869,25,422,867,358
Ram 3500 Quad Cab,New Wooden Shirt,Burgess Ltd,Jersey,8073,16,245,943,373
Maxima,Wooden Bike,Ross Ltd,Poland,5793,36,343,830,980
Grand Prix,Fantastic Bike,Christensen LLC,Congo,8585,32,289,651,352
CT6,Handmade Towels,Russell-Collins,Timor-Leste,7007,22,225,960,258
S2000,Unbranded Tuna,Acosta Group,Bulgaria,2389,6,186,376,990
Caprice,Cotton Computer,Anderson-Sutton,Sweden,8711,17,481,621,5
Ram 3500 Regular Cab,Unbranded Cotton Table,Sexton-Hester,Guinea,4507,26,292,330,359
DB9,Used Shoes,Fields&Willis and Reed,Afghanistan,701,11,411,333,534
Savana 3500 Passenger,Practical Cotton Chair,Rhodes Group,Turks and Caicos Islands,6557,21,17,840,65
Quest,New Soft Chair,Bender&Sanchez and Kerr,Congo,1240,5,329,190,599
300 SL,Intelligent Steel Tuna,Shaffer Inc,Croatia,4364,21,229,399,868
G5,Practical Soft Pizza,Myers and Sons,Niue,3745,17,188,81,23
Z3,Practical Sausages,Nguyen and Sons,Guyana,7404,19,324,806,54
E250 Cargo,Fish,Alexander-Martin,Antigua and Barbuda,9358,36,359,234,373
RL,Small Shoes,Morgan&Gonzalez and Terry,Kenya,254,17,301,819,430
Compass,For repair Pants,Peterson&Morales and Craig,Belize,9310,12,280,234,696
CL-Class,Plastic Towels,Davis Group,Mayotte,6234,7,32,934,409
Venture Cargo,Keyboard,Bautista&Knight and Hopkins,Honduras,8589,16,337,712,471
F350 Super Duty Crew Cab,Metal Shirt,Ryan-Morgan,Dominica,847,21,203,817,849
Aviator,Cotton Shoes,Robinson&Martinez and Collier,Congo,2643,19,228,631,184
GR Supra,Used Bike,Hensley Ltd,British Indian Ocean Territory (Chagos Archipelago),4232,21,271,844,558
Discovery,Plastic Car,Poole PLC,Bulgaria,7603,36,213,660,887
Aura,Frozen Pizza,Coleman&Torres and Adkins,Senegal,7003,3,269,427,551
Silverado (Classic) 3500 Crew Cab,Gorgeous Fresh Pants,Roberson&Foster and Graham,Guinea,9626,20,345,533,631
2500 Mega Cab,Fresh Shoes,Barr&Meyers and Rodriguez,Liechtenstein,8587,25,355,680,313
F350 Super Duty Super Cab,Salad,Daniels&Carroll and Brown,Egypt,267,33,67,791,110
Pathfinder,Handmade Gloves,Kelly LLC,Dominican Republic,7509,33,265,343,16
FX,Gloves,Welch&Fernandez and Thompson,Comoros,949,21,394,901,762
Econoline E350 Cargo,Chips,Collins Ltd,Latvia,8643,27,56,303,47
Cutlass Ciera,Pants,Fletcher Ltd,Tonga,2997,29,407,616,147
Tucson,Rustic Computer,Ruiz-Woodard,Saint Lucia,6326,12,463,460,687
Q5,Rustic Shoes,Obrien Inc,Bermuda,1558,8,197,375,374
Macan,Rubber Hat,Bernard-Kennedy,Paraguay,124,31,284,769,792
Samurai,Refined Concrete Soap,Dawson&Campbell and Jacobson,Gabon,7997,3,129,92,328
Silverado 2500 HD Double Cab,Licensed Mouse,Butler-Baker,Slovenia,4617,9,186,553,536
Highlander Hybrid,Licensed Chicken,Craig&Carr and Wilson,Djibouti,5289,27,461,411,134
Vitara,Generic Mouse,Santiago-Rivas,Norway,5554,28,406,843,349
Ranger Regular Cab,Wooden Chicken,Spencer&Rivera and Newman,Saint Pierre and Miquelon,3457,6,33,675,51
Tahoe,Wooden Soap,Kelly Group,Nigeria,2512,3,297,81,781
Azure,Rustic Bike,Bailey Group,Antigua and Barbuda,4454,34,308,428,589
1500 Club Coupe,Granite Pizza,Collins Inc,Zambia,9446,31,406,739,375
Silverado 3500 HD Extended Cab,Ball,Payne Ltd,Armenia,9813,10,34,222,494
GranTurismo,Incredible Car,Anthony&Ross and White,Kyrgyz Republic,8161,4,212,39,85
Q60,Keyboard,Miller&Obrien and Ball,Marshall Islands,5180,9,315,784,850
S80,Cotton Shirt,Jimenez-Crawford,Saint Lucia,7078,13,265,762,266
BRZ,Incredible Concrete Gloves,Young-Smith,Martinique,4317,21,363,340,691
Cobalt,Gently Used Soft Keyboard,Lowe-Lloyd,Costa Rica,3292,29,474,894,991
LSS,Concrete Car,Klein-Morales,Afghanistan,3630,32,206,15,151
Integra,Handmade Steel Mouse,Sanchez&Conrad and Schultz,Mauritius,8642,18,247,313,545
Ram Wagon 1500,Shirt,Lopez&Garcia and Thomas,Uzbekistan,8749,24,80,520,334
Z4,Generic Cotton Fish,Gonzalez Group,Sudan,3916,17,29,501,671
Titan Crew Cab,Tasty Wooden Ball,Harrison-Kelly,Cook Islands,9449,26,449,836,964
Aspire,Soft Chips,Decker-Flores,Panama,8890,33,105,388,876
Avalanche 2500,Incredible Rubber Shoes,Christensen&Neal and Brown,Faroe Islands,2534,13,437,74,558
F-PACE,Gorgeous Car,Martin&Johnson and Hansen,Pitcairn Islands,8681,34,163,192,373
XC90,Fantastic Ball,Cameron-Cruz,Korea,4182,33,306,403,344
F250 Super Duty Regular Cab,Shoes,Johnson-Wilson,Cayman Islands,8127,24,133,904,912
Premier,Incredible Chair,Hayes-Espinoza,Yemen,1922,13,373,484,87
Sonoma Extended Cab,Cheese,Santos&Winters and Santiago,Congo,9637,4,427,274,578
Tiguan,Sleek Rubber Table,Haley-Vega,Romania,5646,25,209,515,816
Forte,Concrete Ball,Scott-Mcclain,United States of America,6697,17,322,700,550
X6,Unbranded Tuna,Miranda&Johnson and Mcknight,New Caledonia,8563,29,305,908,687
Previa,Chair,Williams-Garcia,Christmas Island,3064,8,449,952,529
Giulia,Tuna,Gilbert-Thompson,Timor-Leste,9101,28,98,792,276
Charger,Generic Chicken,Brock-Montoya,Bangladesh,2627,10,6,781,220
Countryman,Rustic Soft Tuna,Cohen&Phillips and Brown,Bahrain,813,31,448,437,52
iQ,Hat,Clark&Perez and Odom,Guinea,1628,18,440,912,166
Acadia,Shoes,Ramirez Ltd,Syrian Arab Republic,224,26,424,212,800
Nitro,Plastic Sausages,Smith and Sons,San Marino,2554,24,296,251,947
S60,Gorgeous Frozen Bacon,Ellis-Flores,Dominica,5102,7,93,875,534
Suburban 3500HD,Rubber Towels,Santos and Sons,Turkmenistan,9999,18,24,680,758
E150 Super Duty Cargo,Steel Bacon,Fitzpatrick&Dennis and Charles,Somalia,4748,33,198,890,713
Ram Wagon B150,Rustic Wooden Tuna,Olson-Austin,Saint Martin,5590,34,462,302,622
Corsica,For repair Fresh Mouse,Wheeler-Hoffman,French Polynesia,1181,20,178,992,623
MAZDA6,Chips,Riley-Johnson,Uzbekistan,2077,36,170,195,779
NV200 Taxi,Keyboard,Green&Aguilar and Miller,Portugal,6974,33,418,34,58
Lucerne,Practical Metal Shoes,Coleman PLC,Saint Vincent and the Grenadines,9633,27,393,323,70
DTS,Chicken,Wright and Sons,Paraguay,8509,3,132,207,325
CX-9,New Wooden Car,Johnson Group,Samoa,7773,26,167,375,298
Encore,Generic Hat,Soto&Robinson and Brooks,Kiribati,5324,29,473,503,38
Sonoma Regular Cab,Handcrafted Chicken,Olsen Inc,Gabon,553,28,480,344,639
XC70,Table,Moore and Sons,Mozambique,6023,33,498,85,223
MX-3,Steel Bike,White LLC,Luxembourg,8863,26,364,477,270
Clubman,Metal Salad,Hernandez&Ramirez and Daniels,Peru,6982,19,384,743,6
Equator Crew Cab,Sleek Cotton Bacon,Lane&Love and Baird,El Salvador,7751,26,179,568,760
Raider Double Cab,Unbranded Metal Bike,Gutierrez&Parker and Miller,Equatorial Guinea,1528,9,234,36,218
fortwo electric drive cabrio,Computer,Rasmussen&Crawford and Anthony,Iraq,5981,33,426,791,890
X-Type,Small Soap,Jones&Lopez and Rich,Solomon Islands,5475,27,207,583,665
599 GTB Fiorano,Sleek Plastic Towels,Ramos-Hopkins,Gambia,6602,8,240,308,668
F430,Fantastic Bike,Soto-Hester,Malawi,2218,25,334,139,79
fortwo cabrio,Granite Sausages,Allen&Hunt and Sullivan,Guinea-Bissau,8730,19,340,101,938
Soul,Refined Frozen Towels,Rogers and Sons,Yemen,8839,16,128,679,356
Cougar,Handmade Shoes,Gonzalez Ltd,Sri Lanka,9101,32,301,868,480
Sonoma Club Coupe Cab,Soft Table,Miller-Marsh,United Kingdom,3126,20,154,854,622
R8,Car,Lynn&Park and Nelson,Madagascar,356,17,16,865,982
Dakota Quad Cab,Keyboard,Carpenter Group,Georgia,8436,7,112,394,378
X1,Metal Table,Robinson Inc,Morocco,6198,29,146,444,83
Mirage G4,Granite Salad,Smith-Alexander,Kiribati,1667,18,220,339,878
Mountaineer,Refined Chair,King-Johnson,Syrian Arab Republic,716,31,239,430,611
B9 Tribeca,Pants,Russell&Lee and Krueger,Congo,9998,26,77,387,801
650S,Soft Bacon,Carpenter Inc,Guinea-Bissau,4586,7,209,545,207
A3,Cheese,Ellis and Sons,Mauritania,2654,14,161,904,715
Jimmy,Frozen Chair,Howell-Jones,British Virgin Islands,9091,29,178,761,666
Ram 1500 Regular Cab,Granite Mouse,Hartman-Hensley,Burkina Faso,4834,24,11,504,384
Paseo,Bike,Simpson&Carpenter and Baker,Finland,5055,11,256,798,668
GLE,Soft Bacon,Cohen-Thomas,Anguilla,1200,35,259,385,891
98,Refined Chair,Walter-Mcdonald,Hungary,2430,12,124,666,514
Forte5,Sleek Granite Shirt,Green&Carrillo and Lam,San Marino,980,28,492,546,374
XTS,Cotton Keyboard,Chapman and Sons,Saint Barthelemy,5894,3,40,797,642
1 Series,Rubber Sausages,Jones LLC,Costa Rica,7543,30,47,290,906
Express 3500 Cargo,Frozen Bike,Welch Inc,Armenia,618,24,402,420,530
Sequoia,New Shoes,Pham&Jenkins and Bryan,Cape Verde,5600,14,150,372,314
Sierra 2500 HD Crew Cab,Granite Tuna,Baker and Sons,Haiti,729,16,65,831,556
SVX,Plastic Hat,Parks Inc,Portugal,6670,20,296,438,474
Grand Am,Gorgeous Fresh Sausages,Hicks Group,Bosnia and Herzegovina,3665,21,102,291,21
Wrangler Unlimited,Rustic Steel Tuna,Lopez&Smith and Watkins,Zimbabwe,6690,29,35,544,481
Frontier Crew Cab,Frozen Fish,Blevins Group,Guinea-Bissau,8741,21,32,633,517
Montero,Awesome Concrete Car,Roberts-Black,Czech Republic,4423,20,38,824,346
CC,Pants,Brown&Johnson and Massey,Guernsey,5215,5,190,912,410
Eclipse,Granite Soap,Mccarthy&Conley and Hayes,Nicaragua,4476,4,75,614,964
TLX,Fresh Chicken,Coleman PLC,Guatemala,1286,19,372,6,876
Avenger,Ergonomic Keyboard,Pope&King and Moran,Ukraine,8745,10,169,49,992
500e,Gorgeous Metal Shoes,Cervantes-Turner,Uzbekistan,7755,35,65,911,590
Outback,Rubber Pizza,Pollard Ltd,Heard Island and McDonald Islands,1976,28,408,185,175
Sierra 3500 HD Double Cab,Plastic Cheese,Cox Inc,Colombia,4982,13,446,475,677
Silverado 3500 Crew Cab,Concrete Pants,Robertson-Byrd,Bangladesh,8636,18,477,12,350
Escalade ESV,Shirt,Cardenas&Allen and Rivera,Zambia,5714,22,33,679,178
164,Wooden Pants,Booth-Parker,Bahrain,1725,14,27,568,88
Sorento,Sleek Ball,Carter LLC,Mayotte,2205,34,256,387,884
allroad,Cotton Keyboard,Solis Group,New Caledonia,6101,35,139,237,664
GT-R,Granite Chair,Jackson Group,Bouvet Island (Bouvetoya),9736,16,225,910,835
Silverado 2500 HD Crew Cab,Tasty Cheese,Kim PLC,Turks and Caicos Islands,5042,11,458,535,117
488 Spider,Small Soft Tuna,Williams&Shields and Williams,Korea,3703,36,69,925,767
MPV,Bacon,Smith-Nelson,Seychelles,5569,33,360,717,844
Marauder,Rubber Car,Glenn-Holt,Saint Pierre and Miquelon,2104,28,167,738,1
Odyssey,Cotton Mouse,Christensen Group,Cambodia,7135,18,320,419,144
ZDX,Generic Car,Franklin&Hamilton and Hunt,Jamaica,2435,27,429,505,92
A4 allroad,Rustic Shirt,Ferguson-Shelton,Maldives,8448,3,496,443,94
Tracker,Soft Sausages,Suarez&Richardson and Clarke,Macedonia,8358,14,457,949,975
Amigo,Incredible Chicken,Lawrence Group,Burkina Faso,5530,13,214,515,564
Mercedes-AMG GLC Coupe,Small Plastic Gloves,Holt PLC,Liechtenstein,4094,25,331,296,367
Bronco,Keyboard,Burton PLC,Brunei Darussalam,2511,4,239,72,693
Expedition EL,Mouse,Stein Group,Gabon,3583,32,420,835,833
Durango,Ergonomic Granite Shoes,Garcia&Thomas and Gonzalez,Czech Republic,6627,7,432,144,138
Mercedes-AMG SLK,Unbranded Shoes,Rhodes Inc,Faroe Islands,100,11,147,338,321
Ranger Super Cab,Pizza,Thompson&Merritt and Petty,Tonga,2772,12,338,601,546
MDX,Keyboard,Mcdaniel-Acevedo,Afghanistan,4803,9,189,776,865
Solstice,Tuna,Mendez&Wilson and Holmes,Iran,7792,13,35,446,479
Altima,Gorgeous Car,Snow&Becker and Benson,Senegal,9955,18,20,809,944
Seville,Metal Mouse,Thomas&Morales and Kelly,Kiribati,8983,36,231,224,799
Ram Wagon B250,Tasty Granite Chicken,Gardner-Simmons,Serbia,410,19,453,977,112
Discovery Sport,Steel Shoes,Simon&Walters and Beltran,Somalia,178,26,195,992,616
Transit Connect Cargo,Practical Gloves,Smith LLC,Uruguay,1871,8,29,51,714
F450 Super Duty Crew Cab,Concrete Shoes,Mills Group,Saint Martin,4484,24,262,477,666
FJ Cruiser,Concrete Cheese,Miller&Wong and Rogers,Belgium,9726,34,431,460,596
Golf (New),Refined Concrete Pizza,Johnson LLC,Korea,6343,14,319,839,470
80,Awesome Keyboard,Hester Inc,Lithuania,1937,26,132,842,483
RS 6,Unbranded Plastic Tuna,Rodriguez-Moore,French Guiana,7340,32,152,242,824
Exige,Towels,Wheeler LLC,United Kingdom,837,19,463,330,113
F250 Regular Cab,Soap,Leon-Adams,Kenya,6407,8,228,429,434
New Yorker,Rustic Cotton Ball,Little&Barrett and Rodriguez,Gambia,8427,7,379,752,19
Firebird,Fantastic Bacon,Gonzales-White,Nauru,6423,30,61,972,934
X5 M,Gently Used Soft Computer,Williams-Rich,Antarctica (the territory South of 60 deg S),8481,32,374,438,547
Sierra 2500 HD Regular Cab,Fresh Chicken,Mclean&Diaz and Gonzales,Senegal,5001,3,355,253,341
XC60,Cotton Bacon,Smith-Jones,Rwanda,7277,7,335,709,368
Gallardo,Fresh Mouse,Campbell-Schmitt,Colombia,9823,3,417,285,105
Avalanche 1500,Table,Powers-Miller,Mauritania,455,17,431,98,869
Tiburon,Fantastic Bike,Edwards-Hill,Belgium,9267,31,206,58,695
DeVille,Chicken,Lowe&Wolf and Cervantes,Bouvet Island (Bouvetoya),6843,14,138,877,495
T100 Xtracab,Granite Soap,Spence&Stark and Cochran,Korea,407,10,268,631,247
Dakota Regular Cab,Handcrafted Chips,Lawson-Grimes,Comoros,403,24,394,796,398
LHS,Handcrafted Bacon,Hanson LLC,Philippines,5847,12,266,332,802
Equinox,For repair Steel Table,Roberts-Mccarthy,Saint Barthelemy,5402,20,49,591,970
Transit Connect Passenger,Ergonomic Towels,Mcpherson Ltd,Western Sahara,6509,4,14,555,254
900,Wooden Soap,Miller Group,Cameroon,8475,3,284,719,64
V50,Salad,Everett-Carr,United States Virgin Islands,9181,31,33,345,399
Sierra (Classic) 3500 Crew Cab,Tasty Car,Brown&Johnson and Compton,Chad,1081,34,368,946,616
Mercedes-AMG SLC,Small Wooden Cheese,Patrick-Jenkins,Cambodia,7368,6,90,807,59
Camaro,Licensed Rubber Computer,Vaughan Group,Russian Federation,282,15,179,886,499
3500 Mega Cab,Rubber Salad,Carroll&Sawyer and Price,Anguilla,6361,7,359,371,966
Reno,Soft Chips,Long-Carpenter,Angola,382,10,497,633,678
Tiguan Limited,Shirt,Berg-Stevens,Haiti,1522,12,386,408,486
Q7,Licensed Chicken,Chavez PLC,British Indian Ocean Territory (Chagos Archipelago),4785,11,246,123,742
Roadster,Small Shoes,Davis Inc,Saudi Arabia,6506,23,406,348,458
Mercedes-AMG C-Class,Awesome Bacon,Church&Smith and Watts,Kazakhstan,3024,14,381,903,439
RS 5,Ergonomic Ball,Reid&Vasquez and Lawson,Congo,7221,27,335,125,755
xD,Handcrafted Plastic Car,Lopez and Sons,Slovenia,1332,29,464,131,692
9000,Plastic Table,Love&Hebert and Cook,Vietnam,5721,28,188,223,213
Beretta,Ergonomic Bike,Avery Ltd,Costa Rica,2002,27,12,325,940
Yukon XL 2500,Awesome Keyboard,Hall&Ramirez and Lopez,Bangladesh,1503,5,332,780,733
Ghibli,Incredible Fresh Salad,Huynh and Sons,French Guiana,1099,14,491,326,974
RAV4 Hybrid,Gently Used Table,Perry&Owens and Crawford,Andorra,1217,6,141,798,754
3500 Regular Cab,Rubber Pizza,Evans Ltd,Ghana,3936,22,303,127,87
R32,Incredible Fresh Chips,Allen-Palmer,Botswana,904,33,471,414,697
T100 Regular Cab,Concrete Cheese,Wise&Taylor and Mcfarland,Norfolk Island,768,3,383,660,989
Daytona,Ergonomic Wooden Salad,Hill Group,Myanmar,1045,35,235,296,422
Swift,Cheese,Suarez&Le and Hill,Suriname,8461,10,271,973,187
QX70,Rubber Bacon,Carroll-Willis,Papua New Guinea,5594,28,206,611,749
XF,Cotton Chair,Henderson-Morgan,Maldives,6528,24,24,905,927
SLK-Class,Shoes,Dyer Inc,Guernsey,7192,32,368,133,612
300,Chips,Hutchinson PLC,Italy,487,33,499,419,251
Bravada,Car,Gallegos&Bennett and Rogers,Barbados,8033,18,234,975,294
Envoy XL,Used Frozen Sausages,Weber and Sons,Nicaragua,996,30,184,585,359
Canyon Regular Cab,New Metal Ball,Garcia-Huber,Mauritius,7571,13,288,360,707
Hardtop,Table,Ochoa Inc,Aruba,1886,31,19,540,476
Capri,Towels,Romero PLC,Antarctica (the territory South of 60 deg S),3835,31,324,235,539
Beetle,Incredible Frozen Tuna,Huang-Sanchez,Malta,454,4,137,320,200
M6,New Plastic Bike,Parrish-Lopez,Ghana,238,12,46,913,77
740,Licensed Metal Cheese,Edwards-Walter,Montenegro,9567,15,256,50,791
200SX,Steel Table,Williams-Anderson,Maldives,6944,21,356,214,229
Cabriolet,Intelligent Soft Fish,Marquez&Holmes and Perry,India,8448,30,311,736,315
Tercel,Chair,Wood and Sons,Cyprus,7129,10,366,422,579
S6,Fish,Campbell PLC,Lithuania,4964,9,134,643,22
940,Rubber Tuna,Morgan&Jackson and Knight,United States of America,7262,11,419,225,479
Jetta (New),Car,Ramirez-Johnson,Qatar,4662,27,56,965,106
Rogue Sport,Plastic Chair,Perez-Peterson,Saint Pierre and Miquelon,4029,31,77,249,84
Insight,Shoes,Mcgrath&Jones and Thomas,Saint Helena,7269,29,172,189,322
Tacoma Xtracab,Metal Cheese,Lynn&Mitchell and Morris,Nigeria,8843,13,342,633,345
Classic,Used Shoes,Walker&Murray and Dyer,Trinidad and Tobago,1991,6,134,686,582
Outlook,Bike,Leonard-Green,Philippines,1127,6,6,773,928
Cherokee,Frozen Gloves,Hernandez PLC,Lebanon,4659,5,193,621,691
Silverado 3500 Regular Cab,Sleek Shoes,Gray&Taylor and Delacruz,Chad,6686,31,473,505,203
Leganza,Handmade Fresh Car,Morse&Powers and Singleton,Afghanistan,8806,5,82,648,322
Sprinter 3500 XD Cargo,Rustic Granite Computer,Tran&English and Wall,Afghanistan,1065,23,408,36,868
S5,Keyboard,Morgan and Sons,Lithuania,7863,6,238,418,15
Canyon Extended Cab,Gently Used Metal Tuna,Roberts-Martin,Anguilla,4569,18,79,657,241
Santa Fe XL,Small Cotton Gloves,Orozco Inc,Bouvet Island (Bouvetoya),818,36,361,427,977
Freestar Passenger,Sleek Steel Cheese,Alexander Group,Kazakhstan,9555,21,122,847,367
Rodeo,Car,Williams&Warren and Johnson,Iceland,1547,28,180,524,680
XK,Keyboard,Snyder-Peters,Tokelau,3143,17,184,6,620
Dawn,Licensed Wooden Shirt,Morales Ltd,Mauritius,7700,14,484,585,889
GLK-Class,Soft Bike,Johnson&Watson and Brooks,Myanmar,9172,35,438,602,704
SQ5,Tuna,Jones Inc,Jersey,3830,17,307,608,62
Rainier,Granite Shoes,Morton-Morris,Brunei Darussalam,1803,32,247,12,196
RS 4,Intelligent Ball,Ramos-Webb,Ukraine,545,25,91,505,716
Yaris,Used Cotton Table,Compton-Harris,Ethiopia,3169,3,35,906,844
NV200,Rubber Chicken,Miller&Graham and Martin,Belarus,6562,11,258,821,625
Eurovan,Plastic Fish,Goodman Ltd,Liberia,8664,36,414,584,756
D350 Regular Cab,Generic Car,Baker&Chan and Brown,Falkland Islands (Malvinas),6515,11,22,912,671
612 Scaglietti,Generic Steel Cheese,Brown&Williams and Hill,Zimbabwe,7443,7,373,555,963
QX60,Gently Used Steel Ball,Washington and Sons,Saint Martin,5033,9,315,313,751
Prius c,Fantastic Frozen Shirt,Watkins&Anderson and King,Israel,7111,12,349,994,277
SLX,Salad,Walker&Sullivan and Collins,Sierra Leone,9421,15,189,878,711
tC,Pizza,Vargas Inc,Jordan,5298,32,350,232,17
Silverado 1500 Double Cab,Frozen Hat,Jones&Lee and Roy,Angola,1884,36,170,691,801
4 Series,Fresh Car,Ward&Soto and Williams,Egypt,1152,24,429,980,847
Aerio,Concrete Salad,Young&Wallace and Martinez,Netherlands,9206,33,230,537,349
J,Ergonomic Pizza,Thompson LLC,Grenada,2895,16,274,461,906
ILX,Ergonomic Cotton Cheese,Cunningham&Thomas and Cook,Angola,7016,4,167,5,883
Q70,Handcrafted Wooden Towels,West-Douglas,Northern Mariana Islands,7292,32,377,253,643
JUKE,Chair,Case Ltd,Guatemala,4182,8,93,316,411
Rally Wagon G2500,Granite Pants,Bell PLC,Guatemala,3812,3,330,404,586
323,Awesome Frozen Cheese,Tran&Paul and Jenkins,Uzbekistan,6249,19,320,248,924
STS,Car,Wilson LLC,Tajikistan,941,3,128,789,509
Mercedes-AMG GLE,Licensed Towels,Walker-Wheeler,Taiwan,6185,8,129,87,253
Astro Cargo,Refined Cotton Chicken,Hancock-Elliott,Falkland Islands (Malvinas),5524,35,391,860,265
718 Cayman,Shirt,Gibson&Wong and Ward,United States Virgin Islands,3560,12,355,448,381
Model X,Small Metal Pizza,Krueger&Harris and Carter,Netherlands Antilles,801,12,245,689,344
cube,Sleek Plastic Gloves,Mendez PLC,Cook Islands,7156,15,12,903,363
IS,Hat,Edwards-Gates,Sri Lanka,643,18,481,293,53
1500 Crew Cab,Tuna,Kim PLC,Belgium,1497,35,428,239,426
300 SD,Bike,Rowe PLC,Svalbard & Jan Mayen Islands,5576,19,437,177,233
Sundance,Practical Soft Chair,Reed&Martinez and Townsend,New Caledonia,1142,35,95,87,82
Range Rover Velar,Soft Shoes,Gonzales and Sons,Namibia,847,18,41,795,637
Portofino,Awesome Wooden Chicken,Gilbert&Dyer and Wilson,Central African Republic,6557,9,279,209,914
62,Shirt,Miller PLC,Guinea,2989,19,71,465,958
G70,Intelligent Plastic Table,Adkins&Flores and Coleman,Guyana,2267,27,40,68,373
Arnage,Sausages,Hernandez-Mathews,Cambodia,7806,26,21,314,633
ATS-V,Pizza,Adams-Joyce,Samoa,8693,21,129,318,944
Yukon,Unbranded Soft Chips,Jones&Briggs and Parker,Norway,144,7,18,653,196
S-Series,Plastic Towels,Simpson&Griffith and Burnett,Trinidad and Tobago,2363,4,220,856,51
Armada,Chair,Russell&Gomez and Whitney,Ethiopia,7284,4,446,956,833
Venza,Licensed Metal Cheese,Davis LLC,Saint Helena,5609,10,130,131,674
Escalade,Steel Computer,Shelton-Chandler,Antigua and Barbuda,2846,31,77,286,73
Stealth,Concrete Towels,Thomas-Webb,Israel,3695,25,476,505,83
X-90,Computer,Barr-Martin,Guernsey,799,13,188,545,302
Cooper,Granite Sausages,Garrett LLC,Antigua and Barbuda,5745,6,129,633,779
Colt Vista,Mouse,Thompson PLC,Burkina Faso,729,15,23,779,419
Solara,Chair,Williams&Williams and Ruiz,Paraguay,3987,23,378,808,347
LR4,Pizza,Summers Ltd,Seychelles,179,16,260,174,384
M-Class,Cheese,Stevens&Jones and Mccarthy,Thailand,1748,27,331,364,688
G90,Mouse,Young&Lucas and Solis,Azerbaijan,569,7,195,747,424
Ram Wagon 2500,Licensed Gloves,Walker-Gray,Uganda,492,11,293,738,726
Range Rover Evoque,Shirt,Cuevas&Scott and Bender,Heard Island and McDonald Islands,8931,24,379,766,505
Colt,Fresh Bacon,Hall-Evans,Iceland,2502,28,330,385,820
Spacecab,Shirt,Serrano&Taylor and Hunt,Hong Kong,3665,10,213,764,243
300M,Steel Chicken,Stevens Inc,Germany,5479,10,497,352,404
MAZDA5,Fantastic Rubber Fish,Vincent&Martin and Rivera,China,3198,34,161,486,889
Prizm,Rustic Steel Car,Smith-Williams,Myanmar,418,10,101,461,684
Rogue Select,Rubber Shoes,Martin&Hickman and Smith,Aruba,9658,19,286,81,265
Legacy,Sleek Chair,Yoder and Sons,Jersey,1024,6,107,338,920
Q50,Rustic Bacon,Gonzales-Scott,French Polynesia,3149,11,206,194,317
Golf III,Used Cotton Car,Smith-Clark,Christmas Island,7398,22,324,385,522
3500 Extended Cab,Pants,Hill-Smith,Bahrain,7230,4,93,242,31
CX-30,Intelligent Computer,Stephens&Barnett and Smith,Portugal,4951,25,452,204,570
RS 3,Refined Frozen Pizza,Nelson&Espinoza and Flores,Bulgaria,8999,30,259,725,906
King Cab,Ergonomic Fish,Maldonado Ltd,Saudi Arabia,9471,12,173,514,37
V60,Unbranded Steel Bike,Harrell&Baldwin and Ramirez,Christmas Island,6367,3,179,418,156
Trax,Tasty Frozen Hat,Wang and Sons,Palau,2334,10,28,830,351
TITAN Single Cab,Intelligent Granite Hat,Bradley Inc,Turks and Caicos Islands,9092,28,473,931,837
Nubira,Incredible Keyboard,Fischer LLC,Venezuela,6690,7,101,449,31
Fleetwood,Handmade Mouse,Moore&Gibbs and Allison,Comoros,1557,22,208,775,47
e-Golf,Cotton Ball,Wall PLC,Guadeloupe,9150,27,410,719,144
2 Series,Fish,Robbins&Boyer and Price,Lesotho,4547,18,171,382,965
Touareg,Cotton Bacon,Young PLC,New Zealand,5662,16,88,62,319
Ram 2500 Quad Cab,Bacon,Salinas PLC,Papua New Guinea,7715,34,403,478,640
Prowler,Small Cotton Salad,Holland Ltd,Christmas Island,1033,33,208,119,580
TrailBlazer,Fantastic Granite Shoes,Schneider&Rogers and Dixon,Turkmenistan,4719,4,463,196,845
S8,Salad,Torres&Wilson and Moran,Guatemala,8976,20,116,95,606
LEAF,For repair Sausages,Anderson-Osborne,Pitcairn Islands,1921,25,436,533,489
Sierra 2500 Regular Cab,Ergonomic Concrete Chair,Chavez-Palmer,Nauru,5766,4,299,391,830
SLS-Class,Sleek Ball,Kline-Joyce,Myanmar,810,11,224,618,388
Passport,Tuna,Dillon-Wilkerson,Poland,1817,34,494,276,76
GLC,For repair Rubber Sausages,Moore PLC,Djibouti,7223,20,168,810,577
NEXO,Gloves,Hancock-David,Estonia,5870,33,56,909,768
MDX Sport Hybrid,Rustic Sausages,Cobb LLC,Canada,6789,35,190,379,880
Vibe,Gorgeous Frozen Tuna,Jackson PLC,Lithuania,5354,32,154,871,768
QX,For repair Concrete Table,Russell PLC,Niue,7025,21,196,321,465
Ram Van 2500,Refined Concrete Towels,Li Inc,United Arab Emirates,4132,18,141,395,275
CR-Z,Bacon,Delacruz-Joyce,Sao Tome and Principe,2632,15,449,317,825
Ranger SuperCab,Used Gloves,Jackson&Hernandez and Price,El Salvador,6108,27,77,60,103
LR2,Wooden Pants,Peterson-Ward,Azerbaijan,615,15,436,443,902
Sierra 1500 Crew Cab,Used Soap,Baker Inc,Canada,7839,26,39,454,527
i-MiEV,Handmade Towels,Nguyen-Thornton,Somalia,3922,3,121,834,313
Savana 3500 Cargo,For repair Metal Keyboard,Scott-Hernandez,Lithuania,7359,16,85,172,221
Cadenza,Concrete Bike,Sims-Raymond,Peru,4117,23,52,557,173
MKZ,Handcrafted Metal Table,Brown Ltd,Falkland Islands (Malvinas),8214,22,496,185,620
Mercedes-AMG GT,Sausages,Campos&Wright and Beltran,Zimbabwe,4996,31,207,211,453
Expo,Handcrafted Soft Chips,Stokes Group,Italy,9726,10,397,393,279
Q3,Intelligent Table,Spencer-Mclaughlin,French Southern Territories,9089,21,160,426,190
Santa Fe,Refined Granite Fish,Padilla Ltd,Grenada,6696,27,207,261,243
Clarity Plug-in Hybrid,Handmade Fresh Keyboard,Valentine&Preston and Floyd,Namibia,6016,7,137,146,849
Commander,Gloves,Ramos LLC,Mali,3487,4,323,203,630
ELR,Towels,Martinez-Crosby,Tonga,2822,20,155,464,409
MAZDA2,Table,Parker&Bailey and Gonzales,Senegal,7363,19,460,782,466
Wrangler,Small Fish,Terry&Johnson and Gallagher,Antigua and Barbuda,1743,5,407,801,771
500c,Rustic Sausages,Montgomery Ltd,Kiribati,2247,13,90,954,27
Century,Bike,Walters-Mills,Faroe Islands,529,29,386,293,468
Fifth Ave,For repair Rubber Soap,Wilson-Hester,Lao People's Democratic Republic,9470,24,64,189,972
200,Plastic Car,Cook Ltd,Tonga,8155,35,380,196,811
Lancer,Gently Used Shoes,Shannon&Fernandez and Flynn,Denmark,5006,32,222,420,764
720S,Rustic Bike,Miller&Harmon and Roy,Palestinian Territory,9492,27,294,683,811
XG300,Rustic Rubber Shoes,Gonzales&Snyder and Jimenez,Belize,6286,7,210,961,466
Intrigue,Shoes,Green&Murray and Johnson,Bahamas,2459,33,240,708,273
Spark EV,Small Towels,Powers PLC,Holy See (Vatican City State),3255,7,248,75,122
CX-7,Wooden Chair,Long&Nguyen and Hamilton,Guadeloupe,4167,23,233,649,760
Ram Van 3500,Ball,Ward LLC,Congo,1732,15,300,404,366
Panamera,Fresh Tuna,Green&Wallace and Knight,United States of America,5048,3,45,319,677
Ram Van 1500,Mouse,Murray-Compton,Sri Lanka,5841,11,103,914,114
Edge,For repair Cotton Chair,Lynch&Browning and Harrell,Czech Republic,8582,6,297,594,237
300 D,Plastic Car,Hunter&Harris and Wheeler,Romania,9981,35,342,954,741
Verona,Plastic Computer,Wall&Pugh and Long,Serbia,5311,28,233,823,777
929,Fantastic Plastic Sausages,Benson Ltd,Marshall Islands,1868,10,362,873,168
Millenia,Chair,Faulkner&Perry and Horton,Burundi,8686,17,252,665,657
Terraza,Licensed Soft Gloves,Hawkins PLC,Estonia,5658,29,356,992,330
QX50,Unbranded Concrete Tuna,Matthews&Fuller and Crawford,Uganda,7685,3,440,211,466
2500 HD Extended Cab,Cotton Pants,Fernandez LLC,Turks and Caicos Islands,1401,23,265,849,661
Freestyle,Plastic Pizza,Thomas LLC,Greece,4830,11,486,201,715
Veracruz,Metal Salad,Morris-Johnson,Timor-Leste,7143,23,332,838,836
Sportvan G20,Fantastic Bacon,Clayton-Johnson,French Guiana,9245,19,322,632,146
Talon,Computer,Mcdowell-Krueger,Italy,9540,25,34,211,963
2500 Club Coupe,Rustic Pants,Davis Ltd,Belarus,3337,16,226,657,376
Hombre Regular Cab,Gently Used Bacon,Perez Group,Sudan,8393,5,19,802,593
Kona,Incredible Cotton Keyboard,Ellis Ltd,Israel,3972,24,75,906,762
Metro,Granite Towels,Miller-Jimenez,Kenya,8028,3,408,413,666
Sierra 3500 Regular Cab,Metal Shirt,Huber Inc,Slovakia (Slovak Republic),7905,25,30,787,924
626,Used Metal Cheese,Davis Group,Philippines,1701,18,319,144,861
Model 3,Tasty Granite Soap,Thomas-Lindsey,American Samoa,2598,13,242,136,633
Wraith,Pants,Miller&Gibson and Booth,Finland,249,30,221,90,342
Highlander,Cotton Soap,Doyle&Newton and Kelly,Mauritius,1946,32,118,656,563
Fusion Energi,Steel Bacon,Collins&Ryan and Maldonado,Guinea-Bissau,6945,11,241,312,65
Breeze,Sausages,Sims&Hall and Morales,Mongolia,3707,3,263,625,328
Econoline E350 Super Duty Passenger,Unbranded Rubber Cheese,West-Rivas,Algeria,2227,22,335,461,313
Acadia Limited,Soap,Ballard Ltd,El Salvador,4517,31,74,487,349
Riviera,Chicken,Mann&Moore and Salazar,Costa Rica,6034,14,281,591,893
Silverado 3500 Extended Cab,Soft Bacon,Silva&Payne and Ritter,Guyana,9419,24,257,773,345
Yaris Hatchback,Fantastic Towels,Young&Hernandez and Berry,Mayotte,1281,6,87,289,309
Sprinter 3500XD Cargo,Shoes,Smith-Wood,Guadeloupe,9094,11,315,126,360
Golf Alltrack,Licensed Car,Miles&Riley and Garcia,Equatorial Guinea,7495,3,461,343,337
Monaco,Concrete Salad,Turner&Brown and Alexander,Bhutan,4452,14,147,243,954
Mystique,Refined Salad,Clark LLC,Cameroon,3044,4,91,807,437
Dakota Crew Cab,New Steel Fish,Rhodes PLC,Canada,855,23,271,670,552
570GT,Practical Granite Shirt,Thomas-Hamilton,Syrian Arab Republic,615,31,212,811,768
D350 Club Cab,Tasty Ball,Wood-Schmidt,Guernsey,7571,10,462,527,92
Legend,Licensed Mouse,Rivera-Lee,Nepal,2988,12,118,195,315
Sierra 3500 HD Extended Cab,Plastic Salad,Webster Ltd,Nicaragua,7784,11,343,219,18
L-Series,Handcrafted Frozen Bacon,Mendez&Williams and Atkins,Korea,7267,10,174,305,866
Sprinter 3500 Cargo,Intelligent Hat,Mathis-Stevens,Cote d'Ivoire,8781,4,173,670,378
Ram Van B350,Fish,Hall PLC,Northern Mariana Islands,8140,31,438,495,817
Imperial,Refined Car,Lynch Group,Monaco,8102,20,153,573,504
718 Boxster,Rubber Bike,King&Bryan and Mcbride,Jersey,8412,26,73,333,631
Laser,Chicken,Garrett LLC,Afghanistan,9622,8,486,515,241
Brooklands,Car,Porter Inc,Pitcairn Islands,4576,4,401,984,547
A5 Sport,Steel Gloves,Coleman LLC,Antigua and Barbuda,7825,36,260,871,288
HR-V,Bike,Johnson LLC,Belgium,626,6,29,122,236
B-Series Extended Cab,Soap,Matthews&Hendricks and Taylor,Tajikistan,9273,34,270,675,863
Versa Note,Unbranded Hat,Rich LLC,Guam,5283,5,20,194,825
240SX,Licensed Pants,Brock-Russell,Dominican Republic,9421,27,454,173,42
Sportvan G30,Rustic Ball,Davis&Pierce and Wagner,Vanuatu,2330,26,286,853,869
Ram 50 Regular Cab,Pizza,Kelly-Willis,Kenya,6733,12,140,45,969
Sonata Hybrid,Rubber Gloves,Foster Group,Lesotho,6975,21,463,197,323
Uplander Cargo,Practical Chips,Higgins PLC,Holy See (Vatican City State),3811,17,184,105,748
Rocky,Tuna,Page-Harris,Netherlands,5799,22,453,616,877
PT Cruiser,Cotton Chair,Waller-Landry,Ecuador,4495,18,244,377,613
ATS,Fresh Mouse,Mendoza-Baker,British Indian Ocean Territory (Chagos Archipelago),7535,13,314,678,189
Tucson Fuel Cell,Awesome Steel Pizza,Parks-Hess,Myanmar,1895,12,240,993,789
NV3500 HD Cargo,Licensed Concrete Shirt,Rosario Ltd,Gabon,932,3,301,844,335
Transit 250 Van,Bacon,Miller and Sons,Guinea-Bissau,8429,35,488,671,327
Avalanche,Rubber Chair,Ferrell&Rodriguez and Campbell,Canada,2206,8,163,511,957
RS 7,Tasty Pizza,Johnson Inc,Niue,6959,25,492,884,671
Windstar Cargo,Towels,Strong-Baker,Cameroon,5757,13,204,18,868
Murcielago,Sleek Pizza,Russell Ltd,Pitcairn Islands,7195,29,103,593,552
ProMaster 3500 Cargo,Steel Salad,Davis Ltd,Falkland Islands (Malvinas),6959,7,415,492,369
RX-8,Intelligent Soap,Robles&Wheeler and Bradford,Guinea,6713,36,335,562,941
Accord Hybrid,Unbranded Keyboard,Byrd-Robbins,Puerto Rico,5464,30,472,687,112
Flying Spur,Tuna,Johnson&Cherry and Wells,Holy See (Vatican City State),6984,17,205,837,250
Transit 150 Van,Gently Used Concrete Sausages,Walker&Cunningham and Stewart,Brunei Darussalam,956,23,305,376,37
Vandura 1500,Salad,Scott LLC,Mayotte,8342,4,387,845,548
Sonic,Wooden Mouse,Lopez-Stewart,Ecuador,5434,5,33,693,132
Rendezvous,Wooden Pizza,Sanchez Group,Bangladesh,9780,21,17,786,310
4C,Awesome Shirt,Page-Rivera,Kiribati,6033,31,343,589,883
Impala Limited,Table,Little&Mason and Tapia,Saint Vincent and the Grenadines,7909,11,460,772,760
Convertible,Keyboard,Brown&Barnes and Flores,Marshall Islands,5980,32,80,466,767
QX30,Used Fish,Mitchell-Grant,New Caledonia,9512,7,60,334,831
Torrent,Cotton Ball,Simon&Johnson and Frazier,Egypt,7965,13,77,285,253
Mercedes-AMG S-Class,Small Bike,Mitchell Inc,American Samoa,1727,16,113,889,225
Cutlass Supreme,Ergonomic Chair,Flores Inc,Honduras,6953,24,395,300,915
Brougham,Cotton Salad,Cantrell&Davis and Barker,Bulgaria,2551,15,259,438,212
Yukon XL 1500,Sausages,Garcia LLC,United States of America,2196,10,169,838,878
Allante,Pizza,Mitchell PLC,Samoa,1482,22,205,457,652
Nautilus,Fresh Mouse,Garcia LLC,Lesotho,3031,3,365,963,60
Amanti,Rubber Chips,Williams-Wall,Macedonia,5756,21,228,544,607
i-370 Crew Cab,Bacon,Jennings&Ruiz and Lopez,Uzbekistan,8640,12,70,512,179
Ram 1500 Quad Cab,Licensed Granite Shoes,David and Sons,Saint Helena,9185,13,466,760,633
500 SEL,Computer,Francis LLC,Rwanda,7080,11,348,945,812
G80,For repair Sausages,Ware Group,Argentina,7307,31,336,566,536
124 Spider,Ergonomic Shirt,Jackson-Stein,Guadeloupe,7744,12,36,868,416
S4 (2005.5),Soft Ball,Fleming-Wagner,Lebanon,7781,6,105,131,590
Ram 1500 Club Cab,Salad,Stewart Inc,Chad,697,14,249,185,366
Bolt EV,Pizza,Diaz and Sons,Nicaragua,3245,33,131,701,36
Hardtop 2 Door,Hat,Williams-Davis,French Polynesia,4335,25,187,973,580
ProMaster City,Refined Shirt,Garcia&Snyder and Carr,Antarctica (the territory South of 60 deg S),2329,16,258,701,394
Ram Wagon 3500,Table,Myers Ltd,Turkey,4545,9,354,996,795
Festiva,Licensed Granite Chicken,Meadows-Jones,South Africa,8642,3,294,834,490
Ram Van B150,Sleek Salad,Gordon PLC,Guyana,8687,27,16,448,95
M4,Steel Keyboard,Crawford&Miller and Cox,New Caledonia,5546,33,374,449,781
Carrera GT,Small Cotton Sausages,Alvarado-Thompson,Myanmar,9891,27,42,592,575
i3,Shirt,Smith Ltd,Holy See (Vatican City State),7425,28,83,135,788
Econoline E350 Super Duty Cargo,Fantastic Tuna,Duncan PLC,Northern Mariana Islands,2165,16,171,933,83
ProMaster Cargo Van,Intelligent Chips,Marquez Inc,Tokelau,9571,23,419,869,483
Ion,Refined Granite Chicken,Nelson&Kim and Brown,Ghana,2192,34,465,605,938
TITAN XD Single Cab,Metal Shoes,Sparks-Cooper,Slovenia,3079,4,364,261,447
Mercedes-AMG GLS,Concrete Tuna,Thornton Group,Cambodia,6110,9,261,160,693
Magnum,Metal Tuna,Hernandez Group,Russian Federation,3448,31,237,762,473
XC40,Refined Chair,Pratt&Smith and Thompson,Swaziland,2203,15,454,529,2
850,Awesome Table,Collins-Taylor,Palau,951,21,413,599,920
Baja,Rubber Bacon,Mcguire and Sons,Czech Republic,4679,22,202,325,605
Transit 350 HD Van,Steel Sausages,Wolfe-Thompson,Turkey,6466,29,380,5,9
I,Keyboard,Ross-Mccormick,Portugal,9938,14,407,745,89
Quattro,Rustic Sausages,Carroll-Harmon,Marshall Islands,778,30,14,84,584
Kizashi,Frozen Gloves,Greene&Cantu and Burch,Christmas Island,2115,33,26,491,278
Vision,Pants,Buckley-Ramirez,Mali,9638,29,475,682,277
Z4 M,Small Shirt,Andrews-West,Iceland,8108,7,453,386,171
Optima Plug-in Hybrid,Granite Chicken,Brown Group,Sri Lanka,3600,14,278,416,628
Ciera,Metal Soap,Calhoun-Baker,Belize,6558,34,284,249,324
Rabbit,Computer,Lopez-Smith,Cayman Islands,3616,29,280,601,957
90,Cheese,Williams&Arnold and Baker,New Caledonia,3520,23,84,636,31
500 Abarth,Plastic Mouse,Blair&Perez and Jones,Turkmenistan,3884,36,136,785,223
G-Series 1500,Keyboard,Davidson-Drake,Kyrgyz Republic,7925,24,447,862,798
Coupe,Incredible Cotton Table,Oconnell-Barber,Romania,2820,9,356,760,523
Spirit,Cotton Computer,Allison-Smith,Croatia,8673,33,223,507,707
CT,Small Wooden Fish,Berry-Pennington,French Southern Territories,6664,26,12,245,920
2500 Extended Cab,Shirt,Fields PLC,Romania,7848,34,159,615,282
SL,Fantastic Chicken,Jones Inc,Mexico,3138,20,215,817,925
EX,Handmade Cotton Sausages,Campbell&Jenkins and Arellano,Aruba,5088,15,404,340,192
Cabrio (New),Sleek Pizza,Acevedo&Hebert and Stewart,Malawi,850,5,192,998,477
Navigator L,Unbranded Gloves,Smith-Castro,Malawi,6130,22,450,289,546
HS,New Cheese,Johnson&Johnson and Wilkinson,Latvia,1664,25,143,947,561
Sierra 3500 Crew Cab,Unbranded Keyboard,Smith LLC,Andorra,5273,15,87,716,960
1500 Quad Cab,Gloves,Phillips Group,Germany,8129,3,153,797,956
86,Fantastic Fish,Braun&Bridges and Woodward,Cambodia,2598,21,307,54,661
C-MAX Hybrid,Salad,Le-Hicks,Sudan,2146,36,313,881,34
Ramcharger,Shoes,Perry-Allen,Andorra,8441,19,104,205,71
928,Shoes,Young LLC,Austria,4142,12,232,588,490
Club Wagon,Handmade Metal Table,Alvarez Inc,Yemen,3691,15,380,246,573
G-Series G20,Granite Chicken,Perry Inc,Cayman Islands,5760,7,494,55,564
GLE Coupe,Sausages,Fox-Perez,Lao People's Democratic Republic,9773,16,162,907,776
Sprinter WORKER Cargo,Gorgeous Hat,Baker-Wagner,Luxembourg,8067,10,329,852,326
Precis,Plastic Hat,Jacobs&Yoder and Stevens,Albania,8328,25,400,890,906
500L,Handmade Frozen Hat,Sampson-Watson,Ireland,8594,17,153,795,705
Cutlass Cruiser,Pizza,Warren-Rios,Jordan,9187,15,440,566,155
Sierra 3500 HD Regular Cab,Small Pizza,Montgomery PLC,Liechtenstein,3647,33,188,418,810
Venue,Rustic Salad,Martinez Inc,Malawi,6328,34,401,671,877
Verano,Car,Kelly Group,Liechtenstein,3552,9,320,364,159
Phantom,Bacon,Allen&Porter and Jordan,Czech Republic,1806,24,200,868,921
Hardtop 4 Door,For repair Table,Summers-Burke,Spain,6984,12,217,747,110
300ZX,Refined Metal Towels,Pearson&Huerta and Humphrey,Svalbard & Jan Mayen Islands,7887,31,408,719,608
Mighty Max Macro Cab,Incredible Steel Gloves,Ramsey Group,Colombia,8592,36,136,957,926
Corolla Hatchback,For repair Fresh Mouse,King&English and Lewis,Western Sahara,6808,32,464,281,586
GLS,Soft Mouse,Evans-Weeks,Netherlands,833,26,226,951,571
FR-S,Fantastic Fish,Mercer PLC,Bangladesh,2704,36,120,610,312
Forte Koup,Tasty Chicken,Oliver LLC,American Samoa,3252,17,347,20,815
Santa Fe Sport,Used Plastic Tuna,Barnes-Mitchell,Lithuania,327,8,62,634,13
599 GTO,Handcrafted Granite Car,Burnett-Johnson,Niue,5995,33,335,262,347
C-MAX Energi,Sleek Cotton Chair,Marshall-Reynolds,Nigeria,7674,30,393,298,984
Caravan Cargo,Fish,Ruiz Group,British Indian Ocean Territory (Chagos Archipelago),1892,6,486,88,776
F250 Crew Cab,Steel Bike,Williamson&Bowers and Wagner,Madagascar,7179,29,490,232,782
Yaris iA,Practical Rubber Hat,Drake Group,Timor-Leste,3782,5,344,101,132
Routan,Soap,Cox-Weber,Kiribati,157,12,399,761,892
S10 Regular Cab,For repair Chicken,Day LLC,Afghanistan,2601,5,157,240,787
Telluride,Concrete Mouse,Roberts and Sons,Lithuania,7884,3,177,972,143
Alpina B7,Frozen Pizza,Underwood-Munoz,Malaysia,326,21,91,862,463
Prelude,Ergonomic Metal Pants,Erickson&Garcia and Myers,Saint Martin,1890,30,64,499,245
del Sol,Licensed Cotton Car,Taylor Group,Qatar,1689,21,188,852,207
LR3,Table,Beard Ltd,Swaziland,7101,33,146,898,988
Malibu Limited,Fresh Cheese,Mann&Bishop and Gilbert,Mali,7569,10,148,416,689
Ram 3500 Crew Cab,Used Rubber Chair,Davis Group,Colombia,9857,30,455,704,310
Caprice Classic,Small Tuna,Sanders&Roy and Weiss,French Guiana,2356,20,389,300,516
458 Italia,Chair,Hayes-Rivers,Western Sahara,3043,14,490,318,989
IS F,Rubber Fish,Washington Inc,Jamaica,5913,9,437,940,240
1500 Extended Cab,Practical Computer,Barton LLC,Czech Republic,4131,8,423,279,736
C/V Tradesman,Ball,Cervantes&Ayers and Archer,Peru,6102,36,368,573,431
Rodeo Sport,Chair,Newton-Patel,Dominica,3079,24,386,986,44
Sierra (Classic) 2500 HD Extended Cab,Unbranded Car,Wright and Sons,Monaco,9515,19,393,303,729
S10 Blazer,Chips,Howell PLC,Namibia,5490,26,403,633,648
Custom Cruiser,Metal Chair,Krause Ltd,Sudan,3309,28,141,48,177
Ram 2500 Mega Cab,Pants,Mcpherson and Sons,Uganda,4057,16,6,198,206
City Express,Licensed Cotton Gloves,Brown PLC,Anguilla,6485,15,329,448,480
Sierra (Classic) 2500 HD Regular Cab,Granite Cheese,Moore-Ayala,Canada,1308,27,354,827,541
Crosstour,Refined Fresh Pizza,Rogers-Joseph,Timor-Leste,5408,33,472,517,224
Mark VIII,Fish,Dawson&Malone and Bailey,Korea,7373,14,414,272,572
Flex,Cotton Shoes,Buck-Parsons,Palau,4811,35,313,634,461
C30,Small Computer,Jones-Pena,Kyrgyz Republic,102,36,385,573,387
300 E,Tasty Fresh Shoes,Acosta and Sons,Eritrea,6241,8,29,765,298
Model S,New Steel Shirt,Murphy-Ali,Oman,8092,32,444,589,354
Sierra 1500 Double Cab,Rubber Pizza,Johnson-Wilson,Russian Federation,9297,31,500,166,232
Prius v,Mouse,Mason Group,Equatorial Guinea,8153,16,356,284,259
Ram 1500 Crew Cab,Frozen Towels,Mckee-Thornton,Guernsey,9314,30,244,763,689
Ram 3500 Mega Cab,Gorgeous Sausages,Church-Walton,United Kingdom,5069,36,313,669,355
500 SL,Ergonomic Cheese,Williams PLC,Estonia,5899,31,240,986,588
3000GT,Licensed Cotton Sausages,Parsons-Harrison,Cambodia,8941,30,154,172,777
Econoline E150 Passenger,Gorgeous Chair,Vance and Sons,Madagascar,5736,29,306,357,845
Blazer,Sleek Fresh Car,Bryan&Mcdaniel and Rodriguez,Bouvet Island (Bouvetoya),6847,8,267,449,828
Ram Wagon B350,Chips,Anderson-Murphy,Tokelau,1401,26,388,734,839
Q8,Licensed Frozen Keyboard,Morgan Ltd,Costa Rica,8499,4,403,138,388
GLC Coupe,Ball,Duffy and Sons,Saint Barthelemy,8292,15,214,191,782
Mirai,Sleek Steel Computer,Wood and Sons,Botswana,8090,11,162,963,250
400 SE,Sleek Wooden Sausages,Parks&Ramirez and Marshall,Croatia,4146,14,126,379,448
Catera,Fresh Pizza,Stephenson&Burch and Roth,Guinea,1029,21,467,158,801
E-PACE,Generic Pizza,Brown and Sons,Togo,7152,23,295,802,536
CT6-V,For repair Fresh Chicken,Williams&Mitchell and Smith,Bulgaria,3654,31,406,332,260
Skylark,Refined Cotton Table,Rodriguez Group,Dominican Republic,4207,5,381,971,757
Outlander PHEV,Shoes,Molina LLC,Myanmar,8736,27,430,409,372
H3,Sleek Bike,Williams Group,Marshall Islands,204,20,440,666,892
DBS,Fantastic Rubber Bacon,Walsh-Singh,Mozambique,5078,8,43,539,966
G3,Steel Salad,Alexander PLC,Honduras,2258,30,281,118,194
Levante,Practical Pants,Calderon-Cole,Guatemala,3995,17,403,709,421
Discovery Series II,Handmade Plastic Ball,Campos and Sons,Solomon Islands,2851,24,330,471,594
Clarity Electric,Gently Used Ball,Sanchez-Alvarado,Andorra,5186,33,130,448,362
100,Mouse,Greene-Fisher,Saudi Arabia,2168,26,96,717,576
Kicks,Tasty Bacon,Rogers Group,Afghanistan,718,36,311,348,738
Caliber,Chips,Reyes-Kelly,Germany,8608,22,448,5,452
Shadow,Mouse,Thomas-Burch,Bangladesh,2266,12,457,428,48
4C Spider,Intelligent Tuna,Chang-Cross,Morocco,4098,16,5,126,357
SSR,Steel Pants,Hoover-Jackson,Solomon Islands,4900,32,427,65,951
MKC,Awesome Mouse,Velez-Henderson,Hong Kong,7473,31,341,475,96
Genesis Coupe,Refined Car,Cole PLC,Japan,5960,34,98,216,17
E150 Super Duty Passenger,Used Chicken,Maxwell-Richard,Sudan,2433,6,42,401,971
Sportvan G10,Used Cheese,Jones&Thompson and Collins,Oman,2785,22,76,767,730
Accord Crosstour,Small Mouse,Acevedo Ltd,Equatorial Guinea,1976,26,191,1000,34
E150 Passenger,Chair,Curry&Allen and Smith,Comoros,2936,32,177,454,818
X4,Granite Fish,Hodge&Thomas and Martinez,Bhutan,6921,23,58,780,265
VehiCROSS,Cotton Sausages,Mason&Higgins and Rich,Zimbabwe,7380,11,340,386,195
Spider,Unbranded Plastic Pants,Simon-Nelson,San Marino,1077,17,379,240,607
Vandura G3500,Fish,Bautista PLC,Italy,3920,26,123,396,510
GLA,Pants,Jones&Cole and Boyd,Guinea,4426,10,27,641,277
Xtra Cab,Granite Hat,Munoz LLC,Trinidad and Tobago,4847,36,317,269,292
Jetta SportWagen,Rustic Table,Smith-Ware,Bahrain,4529,11,18,903,675
Clarity Fuel Cell,Fantastic Metal Bacon,Stewart Ltd,United States of America,342,32,387,391,735
Dynasty,Rubber Fish,Taylor and Sons,Antarctica (the territory South of 60 deg S),9399,8,102,362,188
Montego,Gorgeous Keyboard,Vargas LLC,Palau,144,4,432,670,719
Avalon Hybrid,Mouse,Robles Group,Zambia,6283,9,412,827,622
Mercedes-AMG CLS,Gently Used Wooden Towels,Campbell-Watson,Saint Kitts and Nevis,5130,5,192,843,140
88,Table,White Group,Ireland,1347,13,262,364,942
Rally Wagon 2500,Soap,Andrade-Phillips,Azerbaijan,3297,11,204,654,248
Cirrus,New Shirt,Wheeler Group,Dominica,8945,29,46,568,831
Ioniq Plug-in Hybrid,Fresh Cheese,Myers-Hoffman,Zimbabwe,4637,3,65,835,167
Charade,Practical Steel Sausages,Hogan-Gonzalez,Gabon,5724,7,254,286,851
Captiva Sport,Cotton Car,Garza-Craig,United States Minor Outlying Islands,5646,35,174,829,40
Gladiator,Licensed Chips,Allen-Flores,Liechtenstein,5766,35,9,591,704
500 E,Car,Mcconnell-Lindsey,Finland,1691,17,64,652,493
Niro Plug-in Hybrid,Awesome Soft Towels,Reid&Miller and Morales,Montserrat,6703,27,366,987,621
Stylus,Sleek Fresh Bacon,Boone and Sons,Albania,1715,20,256,72,915
Arteon,Granite Bike,Gonzales-Carter,Kuwait,958,11,369,280,745
