Levine-Shields,837 Tiffany Circles Apt. 282,+7 (927) 732-21-25
Anderson&Castillo and Davis,37478 Laura River Apt. 173,+7 (986) 664-84-97
Roberts&Mills and Mcpherson,796 Timothy Streets Apt. 984,+7 (998) 561-69-25
Fox-Smith,7954 Robert Mills Apt. 499,+7 (970) 731-94-95
Hoffman and Sons,642 Lang Union Apt. 934,+7 (961) 565-92-65
Johnson&Patel and Navarro,03156 Jones Ports,+7 (988) 907-59-90
Shaw&Cook and Morris,817 Emily Burgs Suite 142,+7 (932) 833-72-76
Dillon&Bradford and Ramirez,096 Smith Lakes Apt. 041,+7 (972) 910-99-46
Solomon&Walton and Fox,992 Renee Island Suite 403,+7 (974) 136-87-81
Wood LLC,30692 Luna Stream Apt. 116,+7 (981) 617-26-80
Davis&Miller and Brown,1335 Benjamin Hollow Suite 421,+7 (985) 284-96-73
Barrera-Martin,49902 Morgan Circle Suite 009,+7 (903) 772-80-44
Williams&James and Garrett,3714 Rivera Fords Apt. 478,+7 (968) 432-86-43
Fox Inc,9209 Williams Lakes Suite 422,+7 (950) 111-50-78
Hernandez PLC,902 Jeffery Haven Apt. 433,+7 (993) 383-48-62
Manning Inc,43279 Richard Via Suite 268,+7 (925) 169-16-73
Chang&Evans and Warren,10592 Tara Valleys Apt. 270,+7 (985) 687-55-52
Hale-Thomas,99109 David Spur Suite 658,+7 (992) 696-47-54
Fitzgerald-Ball,7291 Kimberly Passage Suite 183,+7 (952) 451-40-94
Sullivan LLC,487 William Brooks,+7 (982) 144-50-44
Foster&Wilson and Mendoza,97528 Alicia Mission,+7 (929) 578-30-85
Harris Ltd,871 Elizabeth Ferry Suite 464,+7 (949) 862-91-60
Banks Inc,40864 Stephanie Keys Suite 137,+7 (954) 173-41-55
Morris-Martin,41789 Paul Spurs Suite 220,+7 (965) 419-13-61
Olsen and Sons,0673 Armstrong Isle Apt. 661,+7 (990) 487-95-57
Smith Ltd,20379 Sonya Square,+7 (977) 112-83-33
Diaz-Nichols,54273 Brandon Vista,+7 (935) 832-88-62
Barron PLC,34987 Johnson Tunnel,+7 (925) 860-78-92
Mann-Winters,8165 Miller Mews Apt. 697,+7 (930) 553-59-92
Allen&Morrison and Hammond,8576 Gabrielle Ports Suite 459,+7 (915) 183-65-51
Gray-Wolf,40983 Porter Flats,+7 (919) 257-26-88
Shepherd&Peterson and Johnson,95882 Melissa Club Apt. 019,+7 (956) 445-48-72
Mills-Taylor,17641 Michael Parks Suite 273,+7 (968) 845-34-51
Pierce-Barrera,95227 Lindsey Grove Apt. 431,+7 (995) 866-50-46
Ortega PLC,5065 Bryant Station Apt. 570,+7 (941) 104-60-78
Higgins-Wilson,14942 Patrick Mall,+7 (974) 854-51-18
Gilbert-Gonzalez,162 Victor Spur,+7 (906) 774-83-64
Johnson&Lowe and Benton,49216 Jackson Springs,+7 (929) 775-66-26
Baxter&Kennedy and Jimenez,3634 Jeremy Crest,+7 (911) 914-31-89
Sanders&Li and Perez,84384 Robinson Route Apt. 683,+7 (937) 838-47-92
Rivera-Martinez,509 Carr Meadow Apt. 236,+7 (982) 659-59-44
Newton and Sons,60650 Jennifer Ports Apt. 931,+7 (900) 773-16-34
Marquez-Crosby,653 Miranda Roads,+7 (949) 965-41-79
Perry-Garcia,5980 Miller Circles,+7 (990) 655-45-78
Rhodes PLC,0038 Dorsey Ridges Suite 245,+7 (975) 802-30-97
Jordan&Smith and Anderson,35059 Wilson Course Suite 474,+7 (920) 743-28-41
Little&Tucker and Lin,4236 Reed Ranch,+7 (995) 734-13-41
Clark-Watson,133 Laura Port Suite 044,+7 (974) 556-91-10
Mitchell-Baker,9375 Samantha Drive Suite 122,+7 (942) 249-85-41
Wright-Adams,8219 White Courts Apt. 282,+7 (904) 764-46-81
Estrada-Brock,44442 Deleon Spring Suite 855,+7 (915) 121-38-79
Patel-Mcintyre,40726 Cooper Land,+7 (904) 157-99-88
Marshall-Nguyen,09052 Morgan Mission Suite 392,+7 (959) 689-11-39
Martin LLC,6798 White Greens,+7 (943) 503-98-73
Landry-Adams,079 Christopher Divide,+7 (978) 271-23-85
Thompson-Jimenez,73692 Smith Square Suite 450,+7 (900) 799-48-44
Jimenez Inc,3778 Brian Rapids Suite 126,+7 (919) 436-80-96
Rodriguez&Marshall and Robertson,8944 Lauren Green Suite 935,+7 (912) 993-32-53
Moore-Perez,55995 Washington Grove Apt. 872,+7 (944) 865-37-61
Waters-Christian,57199 Flores Walks Suite 074,+7 (905) 904-94-78
Thompson Ltd,499 Woods Stravenue,+7 (985) 972-53-25
Johnson Inc,5072 Morgan Creek Apt. 361,+7 (921) 407-40-75
Garcia-Williams,249 Patricia Mountains,+7 (957) 690-25-10
Becker-Anderson,0805 Scott Point,+7 (926) 839-81-12
Johnson-Melendez,80760 Sellers Manors Apt. 659,+7 (918) 974-51-29
Robinson-Gonzalez,0029 Woodward Lakes,+7 (981) 690-82-88
Williams-Terry,889 Roman Stravenue Suite 352,+7 (947) 124-43-74
Frye-West,07613 Crystal Vista Apt. 989,+7 (999) 161-95-57
Sims&Leach and Rodriguez,2286 Johnson Crossroad Apt. 512,+7 (968) 970-16-50
Hammond-Brown,88375 Michael Locks Suite 602,+7 (964) 286-54-63
Terry&Turner and Burgess,6280 Brandon Shoals Suite 834,+7 (919) 995-60-84
Young&Vaughn and Foster,0832 Andre Springs Suite 995,+7 (966) 264-86-64
Bonilla&Duncan and Burns,602 Derek Isle Apt. 022,+7 (928) 773-11-43
Powell Group,21994 Robert Well,+7 (978) 750-20-53
Barker&Stanton and Keith,8489 Graves Fields,+7 (929) 771-72-38
Roberts Ltd,0748 Toni Estate,+7 (996) 599-54-93
Davis Group,58957 Rogers Vista Apt. 303,+7 (993) 243-91-23
Kane&Taylor and Duran,57049 Kyle Streets Apt. 502,+7 (981) 746-43-73
Cross-Murillo,128 Brittney Coves Suite 150,+7 (946) 284-38-62
Robertson&Hines and Stewart,11412 Valdez Meadow Suite 216,+7 (933) 817-43-46
Cabrera-Reed,74858 David Point Apt. 625,+7 (987) 816-10-16
Collins&Elliott and Benjamin,271 Evans Square,+7 (962) 369-88-54
Glenn&Mason and Mckay,08703 Jimmy Roads,+7 (921) 124-45-18
Ho&Gray and Taylor,6392 Gonzales Spring,+7 (991) 598-21-55
Hill-Bailey,271 Rios Prairie,+7 (903) 289-13-42
Young-Reeves,85228 Morrow Skyway Suite 160,+7 (943) 479-45-17
White&Hughes and Rice,9253 Linda Forge Suite 539,+7 (931) 339-90-14
Donovan-Mckinney,4196 Barnes Forks Suite 299,+7 (988) 232-20-44
Stanley&Johnson and Cortez,3554 Chang Shores,+7 (945) 189-57-18
Reed-Cooper,0963 Nicole Mission Apt. 714,+7 (904) 480-52-23
Scott&Martin and Flores,781 Crawford Hollow,+7 (927) 331-57-25
Bailey-Ochoa,701 Jennifer Throughway,+7 (931) 344-82-25
Fuller&Raymond and Tanner,2615 Samuel Mountain Suite 276,+7 (925) 714-11-24
Harvey-Jennings,44119 Scott Land,+7 (946) 873-35-70
Leach&Hughes and Lee,8975 Jonathan Vista Suite 491,+7 (911) 831-69-33
Clarke&Garrison and Smith,94295 Robert Lights Apt. 178,+7 (983) 965-60-35
Hinton Group,568 Lloyd Circles,+7 (943) 623-12-65
Fischer&Cook and Wilkinson,59901 Jones Ramp,+7 (997) 330-86-18
Stout Inc,067 Sharon Street,+7 (942) 727-53-93
Green-Evans,376 Wilson Turnpike,+7 (987) 375-10-57
Wright-Hamilton,444 Ramos Spur,+7 (930) 402-39-67
Powers-Wyatt,891 Myers Estates Suite 651,+7 (994) 451-76-19
Hall&Schneider and Mcintosh,462 John Row Apt. 478,+7 (922) 896-25-95
Mckee&Riley and Lozano,4984 Christensen Shores Suite 638,+7 (974) 732-18-71
Williams-Miller,461 Jerry Hills Apt. 090,+7 (984) 858-85-95
Garcia Ltd,27651 Garza Vista Apt. 320,+7 (903) 585-98-17
Williams&Wilson and Weaver,2822 Matthew Views,+7 (968) 972-61-19
Santana LLC,3575 Ramirez Causeway,+7 (908) 507-99-59
Conrad Group,01865 Pamela Inlet,+7 (960) 288-97-19
Berry Inc,64065 Jessica Course,+7 (985) 794-47-73
Gardner&Chambers and Ryan,846 Price Fields Suite 510,+7 (982) 645-27-44
Mcdowell-Love,1252 Lee Square,+7 (913) 374-81-13
Kelly-Campbell,90746 Williamson Ville,+7 (960) 221-80-21
Santana-Roberts,4726 Brown Square Apt. 555,+7 (969) 695-67-83
Kim&Cox and Lewis,48748 Peggy Ramp,+7 (992) 306-46-44
Ford&Flores and Martinez,220 Leonard Rest Apt. 338,+7 (980) 421-42-97
Hernandez&Flores and Hahn,74248 Holmes Center Suite 770,+7 (958) 207-10-23
Allen-Weiss,0634 Jackson Turnpike Apt. 029,+7 (985) 314-52-22
Hughes&Hanna and Green,979 Bennett Course,+7 (968) 920-20-75
Jackson&Shaw and Hunter,0609 Reyes Square,+7 (989) 663-87-82
Wolf Group,29997 Rollins Lock,+7 (907) 951-38-64
Mcgee&Chen and Harper,5935 Angela Trail,+7 (959) 868-49-50
Griffith-Cain,21139 Drew Pines Suite 442,+7 (915) 507-50-82
Harris&Bradley and Dougherty,51322 Caroline Village,+7 (947) 902-48-57
Morgan-Clark,1985 Reed Coves,+7 (978) 519-18-42
Velasquez&Davidson and Rodriguez,44513 Shelia Bypass,+7 (973) 357-85-36
Spence&Jones and Lozano,973 Briana Park Apt. 862,+7 (949) 364-48-64
Zamora&Perez and French,71990 Bowman Ways Apt. 537,+7 (951) 479-70-56
Stanton&Gonzales and Mclean,72865 Robert Forest Apt. 464,+7 (947) 197-47-56
Griffin-Alexander,352 Vanessa Square Apt. 339,+7 (902) 210-79-53
Lewis Ltd,9990 Blackwell Lodge Suite 037,+7 (911) 419-87-94
Mccormick and Sons,49779 Massey Manor,+7 (963) 708-87-86
Garcia-Reed,24473 Morales Island Apt. 314,+7 (906) 484-48-53
Williams&Smith and Larson,9015 Blackwell Parkway Suite 660,+7 (940) 676-26-97
Young Group,239 Torres Crossing,+7 (986) 365-41-81
Bird-Vaughn,42619 Nicholas Station,+7 (955) 134-92-94
Stephens-Horton,6789 Timothy Mission,+7 (930) 389-97-18
Hughes&Tapia and Cooper,000 Katie Light,+7 (965) 693-99-21
Howard&Craig and Brooks,611 Hannah Garden,+7 (912) 749-49-90
Gillespie LLC,2058 Parrish View Suite 351,+7 (971) 653-79-44
Garza-Jackson,6778 Krista Vista Apt. 538,+7 (959) 365-51-91
Walter&Allen and Lynch,9007 Andrew Coves Apt. 271,+7 (904) 105-31-48
Lawson Inc,204 Young Row Apt. 241,+7 (972) 885-43-93
Gomez-Mccullough,788 Ryan Terrace,+7 (917) 205-64-48
Coleman Inc,58232 Carmen Orchard Apt. 603,+7 (920) 738-97-94
Roberts-Mckay,28916 Thomas Inlet Suite 175,+7 (965) 213-82-51
Hinton&Tran and Diaz,78188 Bauer Summit,+7 (978) 424-34-19
Hall-Smith,16957 George Garden Apt. 195,+7 (931) 521-10-24
Mckay-Smith,7454 Scott Keys,+7 (982) 851-76-54
Mccormick-Smith,56960 Wiley Gateway Apt. 476,+7 (932) 709-53-90
Edwards Inc,20119 Reyes Wall Suite 026,+7 (982) 381-32-12
Harris LLC,1462 Martinez Unions,+7 (910) 437-47-75
Cooke PLC,98308 Brian Springs,+7 (961) 246-21-53
Aguirre-Weiss,1409 Tapia View,+7 (996) 387-97-23
Patel&Scott and Martinez,4974 Jesus Curve,+7 (968) 157-31-98
Zhang-Rodriguez,06141 Robert Rapids Apt. 506,+7 (931) 242-97-36
Davis-Medina,065 Erica Islands Apt. 411,+7 (999) 447-18-78
Vargas PLC,009 Howell Stravenue,+7 (968) 279-87-53
Becker&Miller and Middleton,73208 Anthony Fort,+7 (922) 727-69-78
Lopez-Scott,22215 Tara Extension Apt. 636,+7 (994) 573-40-35
Acosta Inc,790 Garza Burg Apt. 867,+7 (972) 294-39-87
Hooper&Brown and Hansen,59933 White Radial Apt. 831,+7 (906) 823-10-42
Clarke Group,93795 Maria Manor,+7 (992) 613-72-81
Curry Group,32534 Troy Isle,+7 (968) 599-54-91
Buchanan Group,6269 Jon Dale,+7 (964) 166-42-33
Durham Ltd,245 Taylor Junctions,+7 (946) 617-87-33
Miles-Hill,5107 Michael Flats,+7 (966) 742-93-62
Kirby PLC,728 Schmidt Wall Suite 474,+7 (900) 112-35-93
Bolton Ltd,8949 Carter Court,+7 (984) 584-34-51
Shaw-Schroeder,73463 Christopher Port,+7 (999) 679-48-33
Lopez&Hunter and Matthews,864 Weeks Union Suite 974,+7 (994) 849-40-34
Rivera-Erickson,115 Jones Groves Suite 547,+7 (977) 806-14-98
Atkins&Boone and Jackson,8293 Harrison Glens,+7 (966) 468-70-16
Walsh-Patton,615 James Summit Suite 981,+7 (954) 109-96-84
Willis-Smith,2896 Heather Inlet,+7 (974) 321-22-67
Bryant-Silva,816 Luke Ports,+7 (994) 199-17-53
Johns-Rollins,1691 Hawkins Burg,+7 (969) 407-44-25
Simpson-Medina,8834 Nicholas Drives,+7 (925) 123-60-87
Rice&Jones and Williams,3230 Wilson Station Apt. 305,+7 (974) 436-16-90
Strickland-Rogers,2962 Jennifer Trace,+7 (938) 563-28-66
Miller-Bryant,5821 Howard Junctions Apt. 473,+7 (948) 937-55-86
Garcia-Carter,1994 Michaela Cliff Suite 371,+7 (976) 201-33-18
Anthony&Robles and Smith,51620 Randall Circles Suite 985,+7 (911) 163-94-92
Chen-Small,85092 Baldwin Via Suite 047,+7 (961) 391-22-48
Freeman-Moreno,903 Gardner Manors Suite 823,+7 (933) 202-16-55
Taylor&Johnson and Neal,876 James Mall Suite 927,+7 (990) 109-54-78
Sanchez-Roberts,79113 Hall Drive Apt. 556,+7 (948) 787-18-29
Romero Group,666 David Tunnel,+7 (950) 469-10-23
Holmes&Grant and Kim,6339 Brandy Avenue Suite 149,+7 (983) 121-85-49
Rose-Hughes,665 Hughes Cape,+7 (957) 394-59-29
Hall Inc,834 Benjamin Haven Suite 127,+7 (920) 157-34-19
Walker-Chavez,6119 Hayes Plains,+7 (939) 916-91-72
Parks&Schaefer and Ritter,4396 Theodore Underpass Apt. 891,+7 (915) 500-84-80
Johnson Ltd,24347 Anna Springs,+7 (970) 789-15-69
Cervantes Ltd,50080 Samuel Mission Apt. 486,+7 (974) 974-34-94
Melton-Zimmerman,1794 Linda Extension,+7 (957) 103-51-61
Lee LLC,5846 Myers Summit,+7 (999) 449-23-93
Hicks-Perkins,843 Sanders Haven,+7 (962) 138-57-19
Gutierrez-Carrillo,0048 Santana Well Suite 298,+7 (947) 723-94-70
Davis-Conner,476 James Union,+7 (949) 419-15-97
Phillips Inc,0526 Lauren Lakes Suite 106,+7 (918) 764-43-68
Hickman&Torres and Watson,3123 Mooney Corner Apt. 814,+7 (902) 217-74-47
Morgan&Watson and Williams,71161 Melissa Manor Apt. 959,+7 (949) 855-31-16
Miller LLC,264 Danny Islands,+7 (913) 253-43-96
Ramirez-Adams,079 James Loaf Apt. 409,+7 (935) 383-98-59
Schneider-Green,2922 Gonzalez Dam,+7 (955) 314-32-84
Lane Inc,5862 Curtis Light,+7 (997) 843-95-87
Zavala-Mullins,8918 Allen Points Suite 655,+7 (930) 890-94-70
Mendoza Ltd,642 Ramirez Skyway Apt. 688,+7 (928) 725-48-32
Cox-Wright,5102 Kevin Terrace,+7 (948) 311-73-30
Moran&Johnson and Thomas,0902 Thomas Fords Apt. 695,+7 (912) 944-16-19
Wilson-Walters,80207 Diaz Stream,+7 (911) 801-18-11
Baker&Reeves and Thomas,84048 Rice Forges,+7 (931) 730-18-81
Gibson Group,6226 Robinson Mountains Suite 428,+7 (986) 155-62-49
Ward Group,0613 Leslie Mall Suite 940,+7 (993) 210-63-11
Brennan-Levine,75230 Katie Inlet Suite 685,+7 (923) 240-27-76
Ellis-Roth,975 Henson Extensions Apt. 737,+7 (943) 300-19-20
Russo-Rodriguez,444 Snow Bridge,+7 (981) 521-50-81
Stewart PLC,4649 Nancy Loop,+7 (942) 265-61-85
Mendoza-Jacobs,662 French Springs,+7 (926) 710-35-56
Erickson PLC,815 Craig Falls,+7 (903) 290-80-37
Patterson and Sons,61311 Lozano Terrace Apt. 570,+7 (913) 114-23-61
Anderson&Morrow and Jones,1148 Andrew Manor Suite 947,+7 (990) 988-12-14
Sanchez&Powell and Hernandez,338 Christina Motorway,+7 (974) 279-85-80
Green LLC,2201 Kelly Forges Apt. 089,+7 (907) 469-20-54
Miller Ltd,88160 Janice Heights Suite 438,+7 (968) 635-90-32
Moon PLC,0045 Jared Mountain,+7 (981) 492-66-56
Gonzalez LLC,80694 Rebecca Street,+7 (901) 184-51-46
Burns&Brown and Richards,766 Darrell Drives,+7 (976) 629-41-57
Vega-Barker,1103 Larson Grove Apt. 991,+7 (983) 855-31-15
Spencer-Cole,007 Michael Drive,+7 (909) 240-77-52
Watts-Chang,332 Lisa Vista,+7 (970) 901-71-50
Marquez&Kelly and Price,8697 Hawkins Vista Suite 247,+7 (943) 458-34-88
Herman&Davis and Oliver,7534 Valdez Coves,+7 (954) 341-21-23
Higgins Inc,9774 Francisco Rapid Suite 623,+7 (976) 889-24-51
Mooney-Edwards,05548 Daniels Crossing,+7 (976) 156-43-53
Francis LLC,874 Hammond Dam,+7 (953) 908-51-37
Munoz-Davidson,111 Andrews Inlet,+7 (985) 298-64-90
Reyes&Chandler and Munoz,6546 Torres View,+7 (911) 501-58-32
Peterson Ltd,42006 Reyes Valleys Suite 578,+7 (934) 910-12-43
Washington-Campbell,7060 Petersen Ways,+7 (930) 820-62-98
Brown PLC,31064 Megan Course,+7 (942) 139-58-64
Villarreal&Vincent and Hernandez,684 Cooper Corners Apt. 744,+7 (938) 676-94-70
Brown&Le and Martinez,98470 Roberto Cliffs,+7 (956) 215-28-90
Butler-Garrison,36157 Melinda Walk,+7 (922) 892-53-36
Moore&Hardy and Friedman,534 Alex Light,+7 (962) 658-73-13
Galvan-White,7663 Ferrell Valleys,+7 (912) 395-78-24
Rasmussen&Smith and Hall,57177 Rodriguez Roads,+7 (919) 318-82-53
Day-Long,864 Williamson Drive Suite 906,+7 (972) 981-62-68
Smith and Sons,6295 Matthew Extension,+7 (923) 305-26-98
Richardson&Miller and Clark,3888 Misty Road Apt. 351,+7 (995) 673-84-57
Zuniga-Scott,9621 Peter Station,+7 (901) 318-72-26
Watson-Lewis,6440 George Well Suite 520,+7 (986) 898-78-91
Hicks-Turner,88514 Robinson Forest,+7 (998) 567-36-64
Long-Foster,840 Jeffrey Light Suite 776,+7 (993) 333-48-90
Howard-Mora,92352 Raymond Dam Apt. 330,+7 (949) 336-46-85
Buckley-Haynes,04760 Brandon Fort Suite 517,+7 (901) 995-14-47
Newman&Castillo and Hayes,493 Wesley Land,+7 (922) 102-15-53
Smith-Jones,064 Hall Springs Apt. 763,+7 (995) 573-74-63
Carrillo&Cortez and Steele,6497 Steven Corner Apt. 998,+7 (961) 165-35-46
Weeks-Kelly,94872 Mcdonald Forge Apt. 892,+7 (919) 107-59-40
Campbell PLC,9360 Robert Summit Apt. 619,+7 (966) 955-50-65
Horn LLC,41068 Michael Cliffs Suite 182,+7 (925) 313-12-92
Foster Group,3962 Gail Key Suite 234,+7 (932) 140-72-99
Dixon PLC,895 Ashley Islands,+7 (974) 479-69-82
Phelps&Franklin and Kelley,5568 Matthew Centers Suite 578,+7 (923) 209-29-63
Stewart-Hess,722 Pacheco Harbor,+7 (918) 695-78-48
Robinson LLC,0596 Beth Highway,+7 (944) 161-76-16
Morrison&Hicks and Richardson,3509 Michael Avenue,+7 (929) 274-97-39
Blankenship-Crosby,54168 Jonathan Row,+7 (947) 965-45-49
Bird&Carey and Cruz,8829 Reilly Streets,+7 (976) 245-56-65
Stephens and Sons,59687 James Keys Suite 845,+7 (968) 566-54-12
Conner-Rich,1333 John Run,+7 (912) 943-45-88
Townsend PLC,12165 Gardner Neck Apt. 366,+7 (959) 721-14-66
Johnson and Sons,83056 Murphy Forest,+7 (928) 782-14-56
Freeman&Rosales and Fitzgerald,37723 Raymond Parks Apt. 439,+7 (986) 164-95-24
Lopez PLC,157 Pope Garden Suite 578,+7 (966) 263-54-45
Martin Group,095 Johnson Freeway,+7 (959) 586-77-30
Simpson&Rogers and York,81166 Robbins Extension,+7 (979) 978-95-51
James&Morales and James,93651 Kevin Mews,+7 (929) 362-24-44
Elliott-Scott,543 Nicholas Glens Apt. 232,+7 (911) 972-97-86
Robinson-Lee,4489 Tara Track Suite 930,+7 (993) 382-81-73
Taylor PLC,458 Ross Courts Apt. 546,+7 (958) 726-60-52
Baxter-Adams,6871 Cowan Pike,+7 (938) 419-97-91
Obrien&Ali and Galloway,864 Hill Turnpike,+7 (949) 994-38-66
Reynolds PLC,3176 Mckinney Flats,+7 (968) 739-24-68
Johnson&Pham and Camacho,8869 Finley Village,+7 (982) 220-55-16
Garcia&Crawford and Olson,89976 Anderson Trail,+7 (981) 946-50-90
Lee Inc,09763 Romero Ports Suite 782,+7 (977) 157-85-98
Gomez-Hartman,1571 Lucas View Suite 517,+7 (941) 231-35-18
Walker&West and Shaw,4548 Victoria Roads,+7 (923) 341-45-95
Campbell-Buck,3752 Long Village,+7 (901) 908-31-94
Russell-Jimenez,252 Patricia Vista,+7 (943) 581-11-61
Johnson&Taylor and Orr,3253 Luis Pines Suite 515,+7 (932) 311-41-97
Cooper Ltd,191 Hunter Grove Apt. 470,+7 (947) 713-79-45
Park&Wilson and Adams,30632 Walker Pines,+7 (904) 474-94-34
Zimmerman-Roberts,6984 Smith Road Apt. 338,+7 (913) 912-87-62
Peters&Hess and Harvey,3985 Smith Unions Apt. 436,+7 (902) 925-46-69
Watkins-Moore,5950 Pamela Way Apt. 184,+7 (980) 870-45-26
Cunningham&Hall and Wilson,1352 Thomas Forks Apt. 324,+7 (915) 668-41-55
Clark Ltd,912 Nicole Valleys Suite 638,+7 (939) 855-88-64
Clark-Martin,659 Rodriguez Roads,+7 (974) 293-25-83
Bryant&Ramsey and Ramirez,4644 Ryan Springs Apt. 145,+7 (955) 828-75-62
Graham Ltd,312 Coffey Glens Apt. 298,+7 (994) 897-27-41
Long&Weber and Mitchell,14353 John Path,+7 (958) 569-64-56
Stout-Ellis,2189 Davies Summit Apt. 077,+7 (950) 982-96-49
Cabrera LLC,0071 Jennifer Plaza,+7 (951) 432-50-41
Barrett&Harrington and Day,43368 Alexa Freeway,+7 (993) 673-48-14
Mora-Delgado,90480 Crystal Course Suite 438,+7 (943) 879-59-84
Murray Inc,6462 Wayne Islands Suite 625,+7 (906) 923-75-52
Becker and Sons,879 Johnson Burg Suite 212,+7 (937) 897-55-40
Gibson Ltd,58262 Davis Course,+7 (986) 564-47-32
Hamilton-Mendez,66128 Michelle Green,+7 (995) 777-47-36
Boyle-Molina,74801 James Roads,+7 (903) 287-41-90
Cobb-Smith,388 Kramer Camp,+7 (951) 105-87-28
Daniels-Peters,1365 Williams Valleys Suite 868,+7 (987) 840-92-14
Christian Inc,221 Miller Extension,+7 (978) 550-71-59
Bray Group,2347 Lynn Alley Apt. 108,+7 (977) 184-74-77
Moore Inc,1950 Mosley Parks Suite 419,+7 (961) 101-84-60
Gomez-Page,836 Patricia River,+7 (988) 353-27-88
Scott-Wilson,874 Jennifer Drives,+7 (983) 356-47-97
Contreras&Pope and Flores,1768 Johnson Ports,+7 (922) 493-68-22
Oliver&Bennett and Stark,738 Figueroa Loop,+7 (988) 954-80-27
Delacruz-Hernandez,2740 Charles Light Apt. 459,+7 (913) 983-34-32
Thompson&Nelson and Crawford,378 Matthew Harbors Apt. 167,+7 (954) 717-51-99
Mason Group,797 Shannon Lodge Apt. 216,+7 (935) 239-69-92
Garcia&Holt and Wells,48009 Obrien Prairie,+7 (966) 222-83-25
Bryant&Mercado and Hawkins,1343 Morgan Fields Apt. 718,+7 (963) 341-29-34
Curry&Hodges and Wallace,99903 Carpenter Path Suite 241,+7 (917) 932-92-11
Dominguez Ltd,742 Chapman Well Apt. 780,+7 (974) 948-75-79
Williams and Sons,369 Harold Center,+7 (928) 396-41-34
Craig&Sloan and Webb,041 Mary Drive Apt. 727,+7 (969) 560-46-52
Kirk Ltd,40805 Alexander Haven,+7 (951) 716-56-71
Elliott&Myers and Smith,79112 Evans Knoll Apt. 987,+7 (957) 572-70-80
Ochoa-Jacobs,6578 Cory Stravenue,+7 (966) 246-17-23
Giles Group,4986 Hailey Branch,+7 (966) 785-63-50
Miller PLC,869 Douglas Cliff,+7 (927) 499-66-95
Allen Ltd,89064 Alyssa Summit,+7 (997) 238-32-79
Kane Ltd,85943 Newton Turnpike Suite 642,+7 (957) 228-36-30
Price and Sons,7729 Dustin Landing Apt. 050,+7 (933) 244-37-50
Sandoval-Allen,00276 Kelly Spur,+7 (995) 920-52-94
Mullins&Lopez and Reeves,8018 Jessica Mews,+7 (909) 316-86-55
Davis LLC,0161 Bobby Streets,+7 (906) 446-85-41
Webb-Shannon,93336 Katrina Street,+7 (996) 613-34-23
Kane&Mcdowell and Thomas,8177 Bell Stream,+7 (950) 475-78-57
Mosley LLC,9757 Gonzales Station,+7 (998) 815-60-82
Mullins-Buchanan,152 Robert Harbors Suite 878,+7 (951) 747-43-66
Morgan&Nguyen and Morales,1267 Mitchell Vista,+7 (917) 787-84-87
Nelson&Carpenter and Woods,66528 Dawn Springs,+7 (907) 808-65-53
Johnson PLC,16774 Justin Way,+7 (986) 463-29-81
Thomas&Goodman and Edwards,7752 Christopher Mills,+7 (990) 829-41-45
Marks&Harris and Lane,16127 Paul Hills Apt. 673,+7 (959) 327-39-92
Madden&Riley and Brown,42661 Murphy Mountain Apt. 957,+7 (921) 237-29-22
Jones LLC,52828 Cynthia View,+7 (998) 229-89-34
Adams-Jackson,902 Nathan Vista Suite 601,+7 (932) 933-23-83
Martin&Warren and York,015 Thomas Shores Apt. 238,+7 (939) 801-54-75
Castro&Sanchez and King,8507 Cantrell Common Suite 523,+7 (904) 425-49-85
Jones-Wood,73171 Antonio Highway,+7 (978) 393-97-74
Williams Inc,0536 Charles Prairie,+7 (987) 224-21-43
Petersen-Walker,79534 Meyer Roads,+7 (936) 469-58-35
Smith&Nelson and Cervantes,9103 Joshua Bridge,+7 (951) 304-57-55
Jimenez-Gould,186 Lane Road,+7 (927) 288-25-67
Mendoza-Ortiz,5618 Walsh Trafficway Apt. 868,+7 (919) 769-75-37
Tran Group,611 Valerie Shoal,+7 (982) 330-89-33
Leon Inc,42496 Erica Pines Apt. 956,+7 (932) 798-73-86
Finley-Harrison,038 Kelly Lodge Apt. 567,+7 (957) 291-80-88
Wright-Higgins,5175 Daniel Motorway Suite 043,+7 (915) 595-15-39
Williams PLC,079 Erika View Apt. 875,+7 (965) 103-24-86
Suarez Group,17225 David Mountain,+7 (903) 286-83-45
Anderson-Pineda,195 Justin Prairie,+7 (951) 225-51-22
Cooke and Sons,56030 Roberta Square,+7 (961) 716-33-54
Whitaker-Wilson,98135 Morris Ridge,+7 (982) 337-95-45
Woodard&Adams and Harrison,188 Kimberly Ports,+7 (999) 161-31-79
Brooks LLC,3615 Nicholas Camp Suite 967,+7 (996) 996-55-61
Webb&Lawrence and Ferguson,107 Wood Fort,+7 (916) 941-12-98
Carter-Vasquez,15222 Jeffrey Curve,+7 (957) 391-16-61
Kelly Group,560 Philip Divide,+7 (905) 547-74-49
Rodriguez and Sons,093 Ingram Ridge,+7 (919) 930-70-32
Sullivan Ltd,4019 Tonya Lock Apt. 332,+7 (918) 520-79-59
Martinez&Richardson and Austin,96933 Morales Turnpike Suite 131,+7 (917) 281-27-87
Jones&Huffman and Morrison,7349 Buchanan Branch,+7 (997) 682-26-53
Perkins&Smith and Farmer,79365 Andrew View,+7 (910) 864-51-36
Day&Cox and Taylor,9606 Virginia Glen Suite 349,+7 (916) 560-69-16
Boyd-Rodriguez,6346 Alicia Lake Suite 325,+7 (975) 167-75-27
Davis&Perry and Ortega,223 Bauer Squares Apt. 483,+7 (941) 917-28-34
Rodriguez-Wagner,66064 Collins Circle,+7 (958) 487-46-35
Vang&Romero and Copeland,0725 Steven Square,+7 (906) 781-53-22
Jennings&Obrien and Moreno,479 Jackson Locks,+7 (936) 412-99-21
Aguilar&Stokes and Wood,637 Scott Shoals,+7 (941) 806-71-95
Smith PLC,8718 Patterson Skyway Apt. 927,+7 (993) 387-17-21
Robinson-Frazier,670 Lisa Canyon,+7 (968) 517-45-38
Sanchez-Edwards,16522 Oscar Roads Apt. 531,+7 (900) 151-83-44
Torres LLC,49085 Barron Key Suite 018,+7 (912) 364-15-39
Zuniga&Morris and Wilson,929 Santos Manor Apt. 619,+7 (977) 791-35-15
Shaffer Inc,35821 Heather View Suite 887,+7 (944) 304-40-99
Thomas PLC,9432 Smith Ford Apt. 593,+7 (915) 956-37-61
Chavez&Rivera and Charles,4943 Donald Mount,+7 (980) 607-45-38
Brown-Owens,436 Maria Falls Apt. 161,+7 (930) 323-45-51
Edwards&Gardner and Hart,273 Jonathan Lake,+7 (949) 656-52-41
Douglas&Lowe and Moore,376 Mcgrath Forks,+7 (949) 286-37-97
Mack LLC,4307 Christopher Dam Suite 006,+7 (985) 646-91-50
Cameron&Small and Gomez,51810 Nancy Road Suite 223,+7 (913) 734-81-67
Pruitt-Craig,428 Wilson Coves,+7 (986) 555-69-65
Mooney&Hughes and Harris,88295 Michelle Extensions Suite 199,+7 (940) 636-31-72
Abbott&Wilson and Johnson,50878 Darlene Trail Apt. 876,+7 (954) 897-18-91
Myers-Mitchell,135 Lucas Mall,+7 (964) 835-38-21
Lester and Sons,97068 Hess Turnpike Apt. 381,+7 (919) 926-11-73
Castillo and Sons,42101 Michael Radial,+7 (926) 651-20-31
Smith&Smith and Diaz,80735 Robyn Rapid Apt. 112,+7 (954) 639-14-34
Daniels Group,047 Melanie Pines,+7 (936) 917-49-97
King&Johnson and Diaz,4510 White Rapids Apt. 505,+7 (985) 428-12-79
Rios-Johnson,15068 David Roads,+7 (973) 234-37-44
Harper&Craig and Roberts,8203 Palmer Alley Suite 913,+7 (959) 284-95-60
Wright-Wang,890 Banks Groves,+7 (904) 174-79-50
Foley-Cochran,470 Jones Rapids Suite 545,+7 (952) 432-85-73
Bishop&Brown and Williams,6947 Frank Street,+7 (983) 422-78-22
Cohen&Long and Peters,787 Lopez Streets Suite 759,+7 (930) 186-89-71
Smith-Nicholson,35303 Alexander Pines Suite 826,+7 (944) 385-50-80
Barber&Murphy and Orr,8605 Michael Court Suite 585,+7 (945) 543-57-99
Rose-Mayo,404 Anthony Underpass,+7 (937) 575-33-16
Bird&White and Lewis,20290 Jacobs Lakes Apt. 797,+7 (921) 495-79-11
Gay LLC,46754 Floyd Curve,+7 (919) 279-18-62
Thomas-Bass,460 Johnson Stream Suite 425,+7 (908) 931-66-56
Porter-Richards,535 Joseph Island Apt. 223,+7 (909) 376-61-17
Rollins Inc,7978 Michael Well Apt. 991,+7 (999) 928-82-58
Kirby-Thompson,129 Dale Forges,+7 (984) 199-16-78
Hall and Sons,886 Thomas Curve,+7 (943) 372-63-82
Park&Fisher and Blackburn,113 Kennedy Port Suite 168,+7 (938) 376-13-79
Smith Inc,317 Ashley Causeway,+7 (910) 975-82-32
Thomas-Logan,3482 Betty Squares,+7 (946) 801-21-74
Lane LLC,470 Myers Cape,+7 (922) 989-57-98
Stewart-Davis,72640 Howard Island,+7 (941) 441-73-53
Simmons-Franco,70431 Melanie Green,+7 (963) 369-56-56
Christensen-Nelson,149 Allen Cliff Suite 489,+7 (930) 214-55-33
Ho-Reyes,8046 Kathy Crest,+7 (967) 178-19-51
Compton PLC,21935 Shaun Village Suite 982,+7 (951) 413-44-89
Bates&Harrison and Harrison,06598 Diana Parks Suite 579,+7 (970) 276-29-34
Gibson-Freeman,5074 Hernandez Roads,+7 (978) 965-61-35
Clark-Campbell,988 Franklin Views Apt. 179,+7 (908) 649-37-46
Schmidt&Washington and Frost,62492 Zachary Flat,+7 (955) 810-87-56
Stone&Lopez and Burke,2631 Hahn Forest Suite 724,+7 (983) 836-57-94
Austin-Murphy,5977 Lauren Trafficway,+7 (996) 927-48-10
Carter&Johnson and Blair,45936 Bryan Grove,+7 (937) 623-74-15
Peterson-Garrison,749 Alicia Spurs Apt. 790,+7 (905) 545-41-41
Gibson and Sons,822 Valerie Village,+7 (941) 838-51-20
Parker-Cameron,2282 Jones Neck,+7 (976) 548-28-70
Shaffer&Hanson and Gross,688 Gregory Spurs,+7 (925) 377-50-65
Jackson&Carter and Brown,9662 Peterson Street Apt. 307,+7 (920) 714-14-12
Singleton and Sons,51293 Melvin Dale Suite 174,+7 (905) 494-52-91
Reynolds Ltd,8023 Robert Way,+7 (993) 741-86-73
Smith-Phillips,981 Rodriguez Squares,+7 (990) 104-13-59
Curtis&Weaver and Garcia,6692 Jerry Flats,+7 (980) 356-61-21
Sullivan-Baker,8810 Stephanie Route,+7 (937) 960-17-36
Jones PLC,4994 Audrey Pine Apt. 464,+7 (909) 110-10-79
Lee&Allen and Jensen,29548 Luis Roads,+7 (951) 103-86-57
Ward&Parker and Savage,702 George Spur,+7 (968) 312-93-49
Delacruz-Grimes,0985 Estrada Radial,+7 (939) 996-20-16
Ross-Jackson,205 Evelyn Ferry,+7 (979) 925-14-79
Allen PLC,184 Nicholas Summit Suite 411,+7 (945) 216-36-26
Stout LLC,3293 Jeffrey Camp,+7 (969) 974-54-53
Jones Ltd,993 Jordan Turnpike,+7 (952) 106-74-64
Ruiz-Keller,9010 Darius Port,+7 (954) 761-28-72
Booth&Barton and Fitzgerald,277 Peters Walks Apt. 730,+7 (972) 143-60-15
Wells-Clark,9309 Samantha Skyway Suite 232,+7 (979) 788-50-51
Johnson-Lamb,133 Patrick Forks Apt. 350,+7 (994) 379-19-82
Ruiz-Figueroa,84939 Adam Track Suite 136,+7 (960) 415-51-27
Ferguson Ltd,44155 Wright Stravenue Suite 958,+7 (920) 417-92-67
Gardner&Wallace and Watkins,3862 Donna Haven Apt. 073,+7 (961) 307-67-45
Hooper&Lopez and Dougherty,58773 Vanessa Mountains,+7 (998) 605-63-67
Mcmillan and Sons,8995 David Islands,+7 (967) 276-19-44
Fields&Parker and Martin,87636 Parker Glen Suite 949,+7 (953) 892-37-72
Osborne&Ryan and Clark,02771 Moran Glen Suite 009,+7 (910) 899-16-65
Mayo&Simpson and Martin,75521 Hayes Forge,+7 (949) 707-26-44
Dickson Inc,7312 Brandy Roads Suite 839,+7 (937) 501-77-59
Marsh-Smith,48580 James Rest Apt. 375,+7 (905) 587-39-95
Moreno&Smith and Clay,8919 Ashley Isle Apt. 778,+7 (926) 317-89-98
Boyd-Cohen,336 Elizabeth Expressway,+7 (909) 379-49-60
Cruz Inc,338 Wells Loaf,+7 (994) 217-83-22
Hunter-Sanchez,9068 Dalton Fords,+7 (946) 285-67-44
Higgins-Herrera,6662 Debra Crossroad Suite 970,+7 (957) 492-88-37
Guzman&Greene and Hernandez,490 Cassandra Hill,+7 (945) 708-93-13
Fisher Group,077 Shaffer Ramp Suite 040,+7 (911) 198-78-21
Nguyen LLC,848 Sara Parkway Apt. 176,+7 (921) 181-92-32
Allen LLC,8312 Espinoza Port Suite 965,+7 (981) 253-38-73
Barr-Burton,4419 Ruth Path Suite 440,+7 (913) 399-60-73
Dunlap&Graham and Nichols,925 David Rapids Suite 208,+7 (929) 521-60-83
Smith&Edwards and Mitchell,2950 Brown Field,+7 (913) 335-82-76
Jones Group,1436 Ann Plain Apt. 018,+7 (998) 696-91-19
Arroyo&Perry and Mitchell,763 Bell View,+7 (908) 885-57-80
Holt-Mckinney,0463 Duncan Inlet Suite 555,+7 (912) 223-45-53
Taylor&Wright and Taylor,0380 Davies Ports,+7 (924) 826-81-43
Golden&Zimmerman and Baker,69322 Regina Curve,+7 (932) 709-33-96
Martinez LLC,86077 Gabrielle Trail,+7 (931) 859-28-17
Sosa-Roach,51309 Garza Cape,+7 (946) 173-98-48
Williams-Weaver,460 Mary Ford Apt. 604,+7 (944) 787-32-53
Watson&Gonzales and King,375 Justin Spring Apt. 010,+7 (982) 458-87-30
Walker&Thomas and Davis,807 William Station Suite 560,+7 (971) 731-45-22
Campbell LLC,5501 Becker Gardens,+7 (927) 165-11-41
Clark Inc,9574 Pearson Squares Suite 377,+7 (975) 178-79-11
Odonnell LLC,9932 Angelica Locks Apt. 504,+7 (966) 700-70-54
Love PLC,56101 Swanson Streets Suite 356,+7 (991) 939-37-53
Howard PLC,46381 Holly Spur,+7 (950) 441-50-68
Johnson&Rodriguez and Copeland,6479 Galloway Turnpike Apt. 954,+7 (910) 171-25-99
Cole Group,51017 Maynard Station,+7 (973) 816-88-89
Campbell Ltd,488 Perez Inlet,+7 (918) 155-22-62
Smith&Gibson and Clarke,8466 Hughes Wells,+7 (929) 936-17-57
Barrett&Rodriguez and Garza,8609 Cooper Parkway Suite 977,+7 (955) 538-54-99
Johnson&Murphy and Liu,7860 Lee Plaza Suite 002,+7 (919) 998-29-43
Simon&Bernard and Miranda,5173 Mercer Branch,+7 (953) 868-85-58
Barber PLC,5472 Madden Mountain,+7 (935) 236-75-64
Hammond Inc,9944 Luke Forest Suite 629,+7 (941) 381-67-12
Jackson LLC,711 Heidi Stream,+7 (993) 835-56-33
Jackson&Lozano and Petersen,5563 Howard Trace,+7 (950) 824-65-41
Jefferson PLC,53760 Jamie Mountain Suite 595,+7 (931) 719-90-40
Mullins PLC,97508 Stone Cliff Suite 482,+7 (953) 935-26-60
Hernandez-Jenkins,222 Heather Creek,+7 (930) 670-48-84
Sanchez and Sons,50264 Joshua Crossroad,+7 (903) 682-89-59
Baker Inc,20429 Miller Roads,+7 (993) 678-64-75
Robinson Group,2185 Garner Plain Suite 771,+7 (903) 474-39-79
Hanson Ltd,569 Kristina Ridges,+7 (987) 131-75-55
Hampton and Sons,4261 Michelle Roads Apt. 714,+7 (978) 403-35-48
Sullivan-Gould,3211 Randolph Lock Suite 288,+7 (907) 683-23-28
Kent&Gutierrez and Stark,2102 Brown Hills,+7 (947) 549-91-24
Ford Group,66441 Goodman Junction,+7 (938) 471-84-21
Jones&Hopkins and King,959 Matthew Heights Apt. 899,+7 (958) 461-41-89
Rhodes Ltd,531 Martinez Crest,+7 (961) 137-84-55
Hunter and Sons,0819 Vincent Freeway,+7 (988) 208-52-69
Nunez-Jones,68381 Samantha Gardens,+7 (923) 111-40-95
Holland&Jackson and Gibson,461 Miller Flats,+7 (903) 518-91-58
Howard&Hicks and Cochran,2074 John Trace Suite 923,+7 (945) 829-19-58
Gross-Cunningham,4083 Mia Circle,+7 (997) 386-10-51
Miller&Callahan and Casey,1878 Nash Crossing Apt. 923,+7 (982) 605-34-17
Parsons Inc,3471 Kelly Ranch,+7 (955) 991-36-25
Castillo PLC,2023 Sarah Locks Apt. 711,+7 (919) 349-18-52
Mayer-Hawkins,6758 Jeremy Path Suite 095,+7 (987) 954-30-91
Wilkinson&Rush and Jensen,29103 Marcus Spur Apt. 840,+7 (996) 319-42-39
Avery-Patterson,9419 Donna Valley,+7 (938) 249-44-72
King-Lutz,082 Diaz Mill,+7 (964) 433-61-49
Atkins Group,28461 Michael Cliff,+7 (987) 833-99-31
Booker PLC,35107 Kenneth Fork,+7 (991) 958-47-50
Davila&Brown and Miller,61290 Kim Parkway Suite 301,+7 (915) 183-29-57
Miller Group,257 Nichols Crossing Apt. 003,+7 (959) 742-25-86
Villegas-Shaw,3519 Willis Route Suite 658,+7 (984) 528-81-81
Crawford-Gibson,394 Danielle Cove,+7 (902) 247-17-15
Rose and Sons,01151 Daniels Spur,+7 (957) 669-19-49
Lucero-Skinner,1021 Sarah Village Apt. 404,+7 (948) 795-48-42
Higgins&Gonzalez and Wade,48506 Amy Green Suite 210,+7 (983) 417-12-71
Rice-Brown,6605 Lopez Walk Apt. 841,+7 (996) 735-56-35
Wheeler&Hall and Gray,80239 Christine Orchard Apt. 356,+7 (972) 797-12-33
Mendoza&Lee and Herring,0177 Rhodes Meadow,+7 (949) 583-19-26
Sanders&Love and Mendoza,6080 Harris Spurs Apt. 639,+7 (904) 938-53-54
Whitaker LLC,251 Charles Mill Apt. 060,+7 (988) 579-83-20
Perez LLC,123 Clark Port,+7 (939) 978-27-27
Chambers Group,799 Gonzalez Mill,+7 (975) 871-21-49
Davis&Cherry and Scott,7340 Jennings Row,+7 (900) 835-63-88
Cordova-Davenport,52963 Navarro Crossing,+7 (939) 811-88-91
Thomas-Cardenas,5665 Garcia Ranch Apt. 119,+7 (994) 214-67-22
Andrade&Hart and Reilly,736 Jessica Port,+7 (945) 464-52-59
Stanley LLC,090 Andrew Circle,+7 (948) 143-33-72
Weber-Cameron,8093 Steven Creek Suite 657,+7 (964) 423-74-34
Carter&Robinson and George,77146 Shaw Parkway Apt. 643,+7 (970) 838-59-82
Sullivan&Sanders and Davis,5013 Scott Ranch,+7 (955) 701-61-49
Cobb LLC,63839 Martin Camp,+7 (958) 612-79-75
Todd-Villanueva,33192 Kelly Route Apt. 483,+7 (926) 106-22-78
Estes-Mason,1478 Jessica Valleys Suite 251,+7 (988) 139-96-99
Collins-Anderson,28585 Arthur Throughway,+7 (957) 804-70-67
Clark&Page and Garcia,781 Chavez Square Apt. 712,+7 (979) 164-36-43
Smith-Hayden,7028 Jesse Turnpike,+7 (943) 434-55-12
Ward Inc,93063 Lynch Radial,+7 (929) 411-17-37
Andrade&Garrett and Bradley,52467 Nina Square Apt. 552,+7 (945) 848-20-70
Garrett&Davis and Johnson,341 Kristin Stream Suite 099,+7 (988) 372-52-82
Duran&Howell and Hogan,62059 Brian Place Suite 413,+7 (970) 575-29-69
Kelly&Lopez and Peterson,90468 Samuel Ville Suite 145,+7 (989) 649-62-12
Pineda-Hernandez,278 Larson Cliff Suite 330,+7 (972) 248-47-86
Smith-Morgan,070 Jones Harbors,+7 (971) 845-88-45
Cordova&Banks and Davis,6751 Clements Springs Suite 206,+7 (945) 202-53-52
Hansen PLC,477 Stephen Valleys Suite 808,+7 (953) 482-98-40
Ramos PLC,69883 Tiffany Groves Suite 803,+7 (992) 810-95-75
Delgado Inc,21715 Alan Road Suite 936,+7 (985) 496-75-65
Ramos-Nelson,6570 Jimenez Rapids Apt. 592,+7 (963) 491-51-26
Alexander&Velasquez and Thomas,83054 Hunter Mall Apt. 454,+7 (917) 649-78-73
Osborne-Harvey,6613 Alexander Underpass,+7 (911) 707-21-70
Lewis and Sons,4981 Kimberly Islands,+7 (977) 177-12-80
Davis&White and Palmer,16995 Moore Springs Suite 796,+7 (939) 371-63-63
Ruiz-Watkins,1168 Jackson Dale,+7 (934) 975-64-92
Knox&Mitchell and Gomez,669 Crystal Lakes Suite 450,+7 (977) 768-66-63
Berry&Price and Walton,0062 Lucas Heights Apt. 258,+7 (962) 550-13-92
Durham&Marquez and Dominguez,8290 Elizabeth Stravenue,+7 (913) 774-13-30
Mason&Baker and Crawford,145 Lewis Crescent,+7 (944) 311-63-34
Kennedy Inc,8502 Osborne Drives Suite 120,+7 (948) 136-44-14
Barker&Smith and Nelson,280 Casey Knoll Apt. 631,+7 (978) 829-80-43
Wilkins-Roberts,71832 Steven Rapids,+7 (921) 799-30-89
Walton Group,0819 Ashley Mission Suite 243,+7 (989) 682-43-78
Kelly PLC,06569 Lori Plains,+7 (936) 201-72-86
Cole Inc,95375 Newman Glen,+7 (923) 336-67-50
Young-Mitchell,076 Barker Pines,+7 (932) 161-63-95
Wells-Kent,7312 Amanda Canyon Apt. 135,+7 (931) 635-91-84
Gonzales Inc,93630 Krueger Bridge,+7 (999) 281-60-89
Riley-Smith,67035 Duffy Ferry Suite 269,+7 (944) 996-43-91
Jensen-Moore,0370 King Canyon Suite 317,+7 (997) 296-90-51
Paul-Bender,39003 Zhang Garden Suite 261,+7 (986) 808-67-70
Wright&Francis and Chandler,0358 Susan Bypass Suite 639,+7 (972) 385-76-85
Campos Ltd,926 Gary Causeway,+7 (904) 331-40-67
Rivera-Fowler,214 Jason Lights Suite 912,+7 (997) 548-87-97
Johnson&Mills and Palmer,737 David Overpass,+7 (966) 125-31-12
Gregory PLC,118 Teresa Lane Apt. 403,+7 (981) 120-30-42
Morse&Lopez and Cisneros,84429 Thompson Harbors Suite 402,+7 (985) 504-60-92
White PLC,69323 Janet Spur Suite 214,+7 (981) 863-38-73
Wolf Inc,71587 Gordon Loop Suite 968,+7 (921) 237-48-22
Glover and Sons,355 Ryan Circles,+7 (980) 460-16-60
Petersen&Montes and Smith,126 Howard Squares Suite 241,+7 (969) 181-36-53
Sullivan&Lewis and Henry,7505 Johnston Lane,+7 (911) 494-41-38
Moreno Inc,5486 Melissa Curve,+7 (970) 767-85-45
Wilson&Pope and Navarro,6536 Christopher Lane,+7 (975) 926-58-82
Hinton Ltd,0508 Mahoney Mall Apt. 286,+7 (927) 757-95-60
Kelley&Shepherd and Silva,627 Hamilton Squares Apt. 239,+7 (931) 880-40-43
Castro-Huffman,430 Ruben Mountain Suite 349,+7 (947) 332-12-70
Norton-Briggs,65732 Michael Ramp,+7 (912) 181-48-44
Shannon-Byrd,61954 Jones Hill Apt. 226,+7 (988) 951-33-38
Jones-Roth,429 Tara Hill,+7 (928) 577-36-12
Dawson-Gordon,16975 Craig Trail Apt. 765,+7 (974) 699-64-84
Garza Ltd,652 Salas Turnpike,+7 (913) 889-56-73
Acosta-Scott,589 Gould Harbor Apt. 721,+7 (997) 507-58-35
Wood PLC,79761 Carmen Course,+7 (983) 666-10-49
Koch Ltd,497 Coleman Forks Suite 273,+7 (922) 385-68-25
Wade-Wilson,603 Tammy Tunnel Suite 036,+7 (935) 595-16-99
Woodward Ltd,116 Alan Camp Suite 536,+7 (969) 242-44-57
Moore-Montgomery,7169 Ann Freeway,+7 (918) 708-17-20
Phelps LLC,0311 Richards Fields,+7 (969) 747-52-12
Boyd-Martin,7135 Gonzalez Inlet,+7 (903) 902-93-62
Hancock Ltd,220 Barnett Branch,+7 (997) 708-19-58
Patel-Allen,971 Michael Tunnel Suite 048,+7 (950) 776-24-71
Caldwell PLC,3391 Kimberly Ramp,+7 (968) 670-63-27
Hill&Blackburn and Briggs,78667 Eric Bridge Suite 706,+7 (946) 881-21-90
Kim and Sons,3289 Carlson Springs,+7 (997) 972-48-29
Haynes&Nichols and Rodriguez,760 Tiffany Plaza Suite 732,+7 (997) 212-77-67
Grant Inc,0716 Natasha Flat Suite 696,+7 (929) 732-51-60
Clarke PLC,9821 Anderson Mission Suite 708,+7 (942) 470-13-45
Elliott Group,09393 Arnold Via Apt. 934,+7 (986) 600-81-59
Calhoun Ltd,296 Harold Wall,+7 (939) 334-86-33
Ramirez&Green and Shelton,91363 Austin Route Apt. 782,+7 (947) 746-35-19
Peterson-Graves,4370 Campbell Rue,+7 (905) 740-21-55
Stewart&Moses and Myers,26299 Anthony Branch,+7 (922) 411-36-37
Smith Group,638 Stephanie Street,+7 (916) 228-70-36
Rivas&Tanner and Rodriguez,536 Anthony Lodge Suite 176,+7 (927) 323-99-32
Bradley Inc,810 Paul Stream Suite 769,+7 (937) 189-29-99
Mckay LLC,0779 Jose Springs,+7 (997) 331-45-11
Green PLC,990 Elizabeth Green,+7 (942) 968-37-73
Harrison-Ortiz,6463 Alexander Key Suite 005,+7 (976) 438-49-69
Clayton PLC,09283 Welch Heights Apt. 582,+7 (993) 958-54-39
Murray-Gross,35549 Archer Manors Suite 261,+7 (904) 514-78-44
Hawkins&Day and Gallegos,44333 Brown Gateway,+7 (939) 475-71-60
Patel LLC,0055 Sharon Pine Suite 030,+7 (999) 827-82-88
Parrish&Torres and Hopkins,0886 Sandra Expressway Suite 928,+7 (992) 482-90-39
Garcia&Elliott and Morton,601 William Port Suite 167,+7 (932) 120-26-64
Kirby Group,182 Tran Junction Suite 470,+7 (926) 620-48-82
Mckinney&Ramirez and Lewis,92731 Jason Street,+7 (907) 379-53-13
Casey-Shaffer,8878 Rivera Harbors,+7 (920) 897-33-98
Cruz Ltd,9227 David Hollow,+7 (943) 165-88-23
Carter Inc,59385 Valdez Centers Suite 331,+7 (962) 907-13-27
Hogan&Diaz and Cox,0539 Thomas Roads,+7 (972) 512-38-14
Wolf-Baker,318 Smith Course Apt. 491,+7 (916) 414-13-39
Phelps&Davis and Brown,53343 Matthew Glen Suite 434,+7 (908) 207-68-90
Zimmerman-Hart,53263 Miller Junctions,+7 (925) 604-17-65
Vaughn-Shepard,153 Leon Lakes,+7 (996) 255-18-93
Benjamin&Mccullough and Flores,927 Saunders Lodge Apt. 758,+7 (920) 900-32-88
Davila Group,10228 Denise Hollow Apt. 184,+7 (975) 306-62-77
Melton&Delacruz and Richards,2353 Robinson Centers Suite 135,+7 (955) 506-79-31
Monroe&Richards and Powell,8462 Carter Plains,+7 (981) 842-24-49
Pennington-Marshall,79094 Anderson Club Apt. 507,+7 (970) 892-56-43
Castillo Group,095 Roberto Vista Apt. 725,+7 (956) 960-74-55
Snyder-Colon,243 Young Ports,+7 (994) 546-17-28
Diaz Inc,42767 Mayer Pine,+7 (929) 708-21-39
Pacheco&Campbell and Beard,681 John Neck,+7 (931) 342-48-45
Blevins-White,1584 Christine Place Suite 539,+7 (944) 686-74-89
Hopkins-Kirk,347 Michael Neck Suite 586,+7 (908) 162-25-12
Lewis-Watson,60653 Taylor Throughway,+7 (929) 423-51-15
Ritter-Shaw,39315 Diana Expressway Suite 333,+7 (934) 163-44-87
Peterson-Yu,3601 Marcus Square,+7 (923) 996-63-95
Henderson-Sullivan,4219 Brian Gardens,+7 (919) 439-47-92
Howard-Martinez,4778 Turner Stravenue Suite 161,+7 (948) 545-17-26
Khan&Acosta and Mcmillan,8937 Collins Camp Apt. 322,+7 (942) 617-17-27
Moore&Miller and Garza,23308 Smith Crossroad,+7 (994) 550-51-91
Sanchez-Proctor,440 Riley Court Apt. 430,+7 (976) 898-15-85
Riley Ltd,429 Murillo Estates Apt. 073,+7 (901) 446-26-75
Austin and Sons,972 Molly Point Apt. 158,+7 (956) 628-48-28
Jackson-Roberts,9727 Patrick Highway Suite 641,+7 (947) 425-65-76
Smith&Jones and Daniels,9360 Baker Trace,+7 (908) 466-18-50
Leonard&Walsh and Vaughan,67084 Antonio Junctions,+7 (949) 367-57-47
Kerr&Fleming and Carey,9411 Jones Islands,+7 (930) 957-62-90
Rios-Flores,8533 Richard Hollow Suite 428,+7 (977) 492-60-95
Stephens&Schmidt and Rojas,69020 Matthew Hills,+7 (922) 647-80-11
Peters-Martinez,5730 Zavala Alley,+7 (925) 871-15-12
Ellis-Phillips,193 Martinez Pine Suite 429,+7 (918) 111-63-27
Stafford PLC,981 Benjamin Gateway,+7 (954) 507-25-27
Brown-Kirk,7200 Mejia Light,+7 (986) 994-89-70
Gould&Sanchez and Wilson,690 Allison Forks,+7 (911) 398-13-82
Bentley Inc,42844 Smith Forges Suite 530,+7 (946) 916-68-49
Hawkins&Martin and Hart,0018 Bishop Hills Apt. 372,+7 (954) 520-26-15
Meyers&Marshall and Ramirez,19637 Benjamin Shoals Suite 844,+7 (916) 356-31-26
Dixon&Gonzalez and Parker,5245 Hernandez Land Suite 085,+7 (957) 155-61-11
Peters-Coleman,04586 Richards Neck Suite 370,+7 (977) 637-14-93
Sandoval LLC,6931 Timothy Rest Suite 802,+7 (910) 135-70-44
Butler&Bowman and Cohen,6620 Marcus Square Suite 854,+7 (960) 691-54-31
Scott&Johnson and Lewis,58058 Christopher Springs Suite 327,+7 (940) 996-22-47
Montgomery-Friedman,3750 Nixon Mission Suite 002,+7 (921) 832-43-28
Griffin and Sons,67136 Antonio Path Suite 671,+7 (906) 169-62-88
Warner&Smith and Swanson,402 Bradley Court Apt. 598,+7 (976) 192-80-20
Mcdowell LLC,437 Jerry Prairie,+7 (960) 809-66-43
Wang Group,4279 Zavala Fall,+7 (991) 434-26-33
Dudley&Lane and Turner,86945 Wilson Track,+7 (973) 427-10-91
Estrada&Collins and Morris,908 Robertson Skyway Apt. 981,+7 (969) 999-95-63
Gomez PLC,14376 Smith Village Suite 635,+7 (977) 245-38-42
Molina-Stanley,00685 Stephens Estate Suite 614,+7 (925) 843-14-11
Woods Ltd,9843 Wagner Views Suite 140,+7 (959) 292-55-79
Warren-Burns,51946 Karen Expressway Suite 738,+7 (970) 376-34-14
Sawyer-Mitchell,52011 Krista Flat Suite 723,+7 (911) 552-88-64
Brown&Leonard and Brown,926 Michael Square Apt. 614,+7 (919) 507-98-83
Barber-Mueller,0439 Connor Manor Apt. 132,+7 (901) 937-63-22
Stone and Sons,032 Nicole Road Suite 728,+7 (907) 372-14-37
Salinas-Newton,648 Finley Gateway,+7 (974) 376-49-56
Gomez-Garner,45220 Elizabeth Ferry Apt. 498,+7 (989) 618-11-61
Thomas LLC,8698 Beard Center,+7 (944) 779-77-16
Mitchell&Ellis and Freeman,01861 Gray Crossing Apt. 486,+7 (944) 839-29-39
Johnson&Giles and Olson,837 Thomas Plaza Apt. 425,+7 (996) 488-80-13
Harris&Taylor and Decker,9998 Cruz View Apt. 966,+7 (920) 367-74-43
Bond&White and Weaver,4982 Cameron Meadow Apt. 580,+7 (913) 161-87-89
Reed-Ritter,80562 Vicki Turnpike Apt. 383,+7 (988) 493-82-13
Lee-Hall,728 Jordan Union Apt. 160,+7 (932) 759-44-44
Gill-Johnson,2722 Sheri Knolls,+7 (912) 223-47-18
Mcdonald&Goodman and Nelson,36863 Charlene Unions Suite 848,+7 (936) 763-52-90
Marquez and Sons,66931 Anthony Plaza Suite 286,+7 (993) 873-96-94
Carter Ltd,24329 Stacey Shore,+7 (940) 822-15-49
Knox&Johnston and Griffin,98170 Sellers Pines Suite 357,+7 (996) 920-83-72
Carter&Knight and Elliott,0943 Daniel Corners Apt. 328,+7 (917) 212-10-53
Warren-Martin,85673 Patel Manors Apt. 627,+7 (978) 329-75-21
Lucas Group,384 Dustin Pike,+7 (912) 766-16-31
Simpson-Lopez,8607 James Parks Suite 845,+7 (926) 648-88-33
Stewart Group,9725 Martha Alley,+7 (985) 394-56-89
Rosales-Bailey,19846 Proctor Avenue,+7 (905) 508-80-86
Vaughan&Doyle and Dyer,054 Matthew Point Suite 108,+7 (901) 870-27-13
Armstrong LLC,12606 Hodges Landing,+7 (908) 177-73-24
Morales Group,2358 Friedman Dam,+7 (992) 907-12-68
Yoder Inc,1962 Lewis Motorway Suite 011,+7 (926) 343-14-29
Wilkins-Foster,4137 Elijah Pike Apt. 540,+7 (933) 459-46-72
Webb&Williams and Moyer,0695 Jon Via,+7 (924) 278-62-74
Thomas&Delgado and Smith,095 Ryan Harbor,+7 (958) 749-25-89
Diaz-Lee,526 Scott Ford,+7 (924) 622-16-42
Scott&Graves and Stewart,28201 Vargas Gardens Apt. 521,+7 (954) 786-96-86
Harrison-Turner,36283 Jennifer Highway,+7 (997) 464-67-98
Ray PLC,328 Dickerson Burg Suite 080,+7 (976) 384-18-99
Mccullough&Skinner and Stevenson,4522 Kristine Causeway Suite 002,+7 (922) 715-18-31
White and Sons,5954 Sonya Fords Apt. 605,+7 (918) 363-14-40
Jackson-Ingram,9196 Marquez Isle,+7 (941) 189-86-44
Martinez&Cox and Jones,364 David Lights,+7 (954) 996-87-16
Wallace-Hill,78848 Crystal Walks,+7 (975) 791-11-35
Young&Dixon and Johnson,94149 Samantha Rapid Suite 132,+7 (938) 141-64-40
Alvarez Ltd,926 Knapp Harbor Apt. 171,+7 (986) 726-79-39
Day&Davidson and Lloyd,40476 James Union Suite 630,+7 (968) 342-17-89
Calderon-Dixon,8496 Green Mill Suite 195,+7 (950) 761-53-33
Bolton-Monroe,51493 Aaron Ferry,+7 (988) 730-18-18
Gonzalez and Sons,396 Cory Pines,+7 (921) 935-51-98
Hall&Snyder and Carter,252 Jennings Alley,+7 (970) 475-87-91
Clark&Hammond and Cannon,149 Francisco Burg Suite 446,+7 (900) 786-79-31
Townsend-Fitzgerald,9487 Cisneros Lake Suite 883,+7 (930) 997-89-30
Wells Inc,1047 Baker Trail Suite 119,+7 (947) 242-79-88
Vargas Group,48484 Brian Estates,+7 (969) 788-29-92
Bailey PLC,1320 Cameron Bridge Suite 824,+7 (951) 299-51-30
Medina&Reid and Soto,201 Jesse Ramp,+7 (997) 438-82-37
Miller-Rogers,970 Jones Station Suite 023,+7 (942) 598-96-79
Lynch&Moss and Knox,0957 Christina Mountain,+7 (935) 583-59-41
Arroyo&Barton and Lucas,714 Suarez Street Apt. 691,+7 (960) 750-28-58
Lynch&Stevens and Richards,55894 Briggs Terrace Apt. 850,+7 (914) 563-83-27
Phillips PLC,743 Johnson Points Suite 745,+7 (984) 624-56-32
Garcia&Brown and Mclean,95548 Wilkerson Wall,+7 (986) 856-87-42
Garcia&Powers and Anderson,6045 William Trail Apt. 175,+7 (972) 682-24-94
Hunt&Nunez and Sharp,527 Walton Estates Suite 141,+7 (909) 217-81-93
Adams-Berg,28318 Debbie Mission Suite 624,+7 (961) 759-27-71
Harmon-Mercado,4999 Barton Neck Apt. 271,+7 (989) 995-87-34
Walker-Walton,7077 Stone Walk,+7 (904) 409-47-24
Bennett&Walton and Velez,441 Kimberly Spur,+7 (925) 387-11-59
Lee Group,7569 Davenport Roads Suite 689,+7 (974) 815-88-42
Long PLC,808 Weber Wells Apt. 196,+7 (912) 716-61-57
West&Hicks and Martinez,6514 Moon Park,+7 (981) 995-92-30
Torres&Patterson and Rogers,92433 Hill Ranch,+7 (999) 333-54-18
Johnson-Miller,6433 Joshua Turnpike Suite 050,+7 (912) 752-54-42
Kirby&Wood and Dillon,222 Powell Cliffs Suite 275,+7 (941) 782-51-72
Robertson and Sons,5020 Trevor Garden Suite 388,+7 (957) 190-85-85
Smith&Bradshaw and Barnett,3458 Jose Spurs,+7 (913) 874-82-71
Wang-Hammond,4892 Patton Heights,+7 (944) 715-59-29
Jones-Salinas,8471 Veronica Dale,+7 (945) 477-47-29
Taylor&Booker and Harding,7172 Sharon Port Apt. 109,+7 (942) 725-29-49
Munoz and Sons,2231 Christina Stravenue,+7 (927) 285-59-46
Santos&May and Curtis,1455 Yoder Port Suite 574,+7 (902) 256-27-24
Thornton&Gray and Martinez,5502 Melissa Road,+7 (949) 545-99-18
Norton&Richard and Riggs,707 Debra Square Suite 511,+7 (948) 358-97-17
Stone-Roberts,2615 Jackson Ridge,+7 (952) 732-66-37
Wang-Rivera,522 Audrey Greens Apt. 920,+7 (979) 519-12-33
Gould-Mcintyre,721 Miller Lake,+7 (994) 988-35-62
Gonzales PLC,7404 Turner Alley,+7 (948) 981-29-43
Lindsey-Mercado,923 Ashley Run Suite 151,+7 (991) 789-66-19
Hammond and Sons,58188 Krystal Valley,+7 (988) 134-28-28
Martinez&Benjamin and Young,008 Jackson Creek,+7 (941) 472-64-32
Hampton-Shea,70480 Brian Loaf Apt. 267,+7 (931) 769-61-56
Carey Group,56519 David Oval Apt. 440,+7 (959) 383-47-78
Norton-Morrison,32409 Ramsey Viaduct,+7 (940) 373-66-90
Cuevas LLC,877 Gloria Squares,+7 (901) 482-78-88
George-Hart,590 Quinn Island Suite 507,+7 (981) 936-38-13
Mcmillan LLC,2917 Jody Locks,+7 (966) 218-44-89
Brown&Davis and Gonzalez,895 Maria Drive,+7 (999) 699-84-99
Alvarez-Fischer,7734 White Wells,+7 (954) 567-81-43
Mccall&Marquez and Wilson,855 Crystal Place,+7 (904) 555-92-22
Webb&Chase and Smith,39934 Richard Garden,+7 (958) 687-34-95
Martin Ltd,476 Jennifer Row Suite 889,+7 (950) 866-29-97
Hoover-Dunn,8808 Thompson Well,+7 (905) 676-92-88
Pope&King and Adkins,93009 Regina Station,+7 (950) 914-79-26
Marquez-Adkins,647 Shawn Valleys,+7 (918) 990-50-17
Scott&Robles and Smith,768 Zimmerman Fort Suite 249,+7 (965) 108-60-70
Strickland&Carr and Davenport,93538 Cathy Harbors Suite 345,+7 (906) 429-17-68
Barrett&Parsons and Ramos,4021 Bryan Station,+7 (946) 439-82-82
Cantrell-Williams,8728 Tucker Mountains Apt. 483,+7 (975) 631-91-78
Contreras LLC,72916 Dawn Dale,+7 (977) 969-16-71
Andrews PLC,688 Lee Brook,+7 (942) 814-39-69
Bailey-Stark,7589 Wilson Well Suite 720,+7 (990) 346-19-45
Burns-Anderson,429 Mark Roads,+7 (923) 757-60-60
Holloway-Bonilla,66113 Robert Spring Apt. 419,+7 (984) 488-96-58
Wilson-Davis,61385 Holmes Center Apt. 848,+7 (970) 696-26-27
Crawford Ltd,0429 Hernandez Corners,+7 (920) 792-42-71
Payne-Johnson,382 Perkins Mill Suite 394,+7 (965) 683-56-84
Payne-Vazquez,2806 Terry Stravenue Apt. 353,+7 (935) 644-24-60
Shaw-Wheeler,032 Alexander Pines Apt. 073,+7 (924) 367-88-33
Brown-Turner,849 Johnson Plains,+7 (964) 885-34-64
Wood-Yang,740 Mitchell Turnpike Apt. 782,+7 (978) 425-11-85
Schneider&Williams and Kelley,832 Martinez River,+7 (988) 606-58-57
Rodriguez&Wilson and Mcclure,790 Dyer Trail Suite 532,+7 (928) 862-10-93
Sosa and Sons,4407 Gibson Flats,+7 (971) 390-98-92
Yates Inc,4173 Edwards Dam,+7 (948) 768-24-38
Marsh&Gallegos and Lopez,96063 Stephens Lights,+7 (958) 715-33-97
Foster&Phillips and Salazar,088 Davis Mill,+7 (907) 385-47-15
Mcguire-Figueroa,964 Collins Creek,+7 (928) 278-88-72
Murphy&Chavez and Gillespie,2777 Valerie Knolls,+7 (957) 177-27-97
Wilson-Bates,21198 Sanchez Cliffs,+7 (973) 562-18-65
White Ltd,38748 Perez Street Suite 869,+7 (992) 754-89-29
Martinez and Sons,95019 Julie Hills Suite 715,+7 (913) 395-46-43
Nichols&Winters and Griffith,1616 Pena Parks Suite 482,+7 (964) 334-20-38
Bean&Hopkins and Smith,6922 Amy Land,+7 (959) 359-16-55
Mitchell&Haynes and Rodriguez,314 Steele Burg,+7 (932) 334-40-26
Lewis LLC,9158 Gavin Gardens Suite 709,+7 (987) 716-55-35
Duffy&Stanley and Osborne,2475 Vaughn Tunnel Apt. 227,+7 (922) 634-77-45
Gallagher-Mckee,8925 Cochran Forks,+7 (935) 933-27-42
Neal PLC,0425 Anna Knoll Suite 344,+7 (947) 587-73-77
Boyd LLC,370 Taylor Stravenue Apt. 844,+7 (910) 361-45-26
Barajas-Thompson,470 Dawn Loaf Suite 626,+7 (909) 971-61-12
Hernandez&Wright and Jackson,44095 Johnson Garden Apt. 790,+7 (945) 246-64-49
Vega PLC,75128 Watson Streets Suite 673,+7 (981) 356-30-61
Smith-Warren,53636 Smith Forges,+7 (925) 610-11-26
Hickman Inc,9723 Sims Port Suite 672,+7 (947) 101-88-59
Cochran&Gomez and Rodriguez,938 Sandra Row Apt. 565,+7 (981) 118-38-12
Lopez&Dickerson and Stewart,970 Manuel Pines Suite 586,+7 (984) 636-45-30
Yu and Sons,865 Sheryl Ford,+7 (924) 903-74-70
Leblanc Inc,906 Clark Burgs,+7 (903) 918-82-81
Anderson-Carter,2112 Mcmahon Plains Apt. 091,+7 (950) 735-24-84
Hodge LLC,4744 Jillian Union Suite 057,+7 (923) 911-64-12
Harris and Sons,68714 Phillips Vista,+7 (960) 140-99-23
Dean&Long and Evans,571 Frye Prairie,+7 (978) 687-36-23
Young&Norman and Roberts,737 Cody Junctions Apt. 581,+7 (957) 512-26-47
Hale-Andrews,04802 Merritt Valley,+7 (951) 758-86-70
Ramirez-Henry,8184 Baker Pass,+7 (931) 262-63-91
Long LLC,40573 Michael Junctions,+7 (931) 228-66-61
Hernandez LLC,69198 William Turnpike,+7 (949) 277-78-23
Herrera Group,800 Hayes Squares,+7 (982) 638-12-76
Lucas&Flores and Bryant,015 Hutchinson Manors Suite 328,+7 (921) 747-90-66
Short&Torres and Wang,50466 Mark Summit,+7 (906) 990-56-99
Ramirez&Fernandez and Murphy,70391 Raven Grove Apt. 087,+7 (956) 540-52-80
Gilbert Inc,13807 Valerie Underpass Suite 082,+7 (953) 794-65-23
Mills-Schwartz,55936 Foster Hollow,+7 (999) 557-30-58
Dalton-Garcia,16146 Davis Brooks Suite 568,+7 (902) 926-42-93
Campos and Sons,41448 Wilson Rapid,+7 (910) 669-92-43
Barnes-Logan,50157 Hannah Flats,+7 (974) 662-72-12
Parker-Santos,70736 Regina Lock Suite 290,+7 (999) 658-59-14
Donovan Ltd,594 Weaver Prairie Apt. 607,+7 (957) 530-77-16
Spencer-Scott,137 Melinda Brooks Apt. 803,+7 (963) 707-93-31
Sullivan&Webb and Shah,02818 Carla Greens Suite 487,+7 (992) 473-52-55
Wood Group,0036 Thomas Street Apt. 503,+7 (936) 758-18-29
Thomas&Shelton and Graham,12844 Riddle Flats,+7 (965) 379-10-26
Walker-Robles,9686 Kevin Drives Apt. 335,+7 (965) 936-64-87
Bailey Inc,92244 Crystal Via,+7 (951) 107-47-60
Freeman PLC,12807 Jennings Plaza Apt. 445,+7 (939) 977-89-26
Howell&Miles and Williams,61861 Kathryn Spur Apt. 631,+7 (908) 262-68-45
Lopez&King and Khan,83985 William Underpass Apt. 425,+7 (974) 909-89-20
Adams PLC,8969 Miller Stream,+7 (907) 892-15-13
Mckay-Francis,018 Elliott Light,+7 (956) 812-53-53
Hernandez Ltd,496 Fuentes Harbors,+7 (947) 304-29-32
Dalton Inc,352 Christopher Mall Suite 981,+7 (995) 594-35-47
Wade&Bentley and Spencer,138 Dorothy Creek,+7 (955) 898-61-16
Burton&Rodriguez and Wade,11001 Yvonne Springs,+7 (907) 520-24-78
Buckley Group,02164 Smith Roads,+7 (973) 965-88-61
Nguyen-Reyes,425 Castaneda Canyon Apt. 735,+7 (988) 693-66-93
Atkins&Bautista and Valencia,7679 Dwayne Village Suite 916,+7 (980) 623-17-54
Bullock Ltd,27799 Angela Overpass Apt. 641,+7 (908) 547-84-57
Larson&Rich and Wu,98245 Wagner Spurs Apt. 091,+7 (975) 434-41-55
Hanson Group,021 Davis Stravenue Suite 789,+7 (937) 408-63-12
Page-Simpson,236 Jessica Park Suite 114,+7 (999) 495-93-66
Hartman&Bolton and Allen,12672 Zimmerman Harbor,+7 (944) 947-54-68
Barnes Group,1513 Jessica Vista Suite 861,+7 (906) 916-87-33
Chen&Barton and Ellis,36151 Dustin Drive,+7 (927) 324-86-52
Velazquez Group,48336 Abigail Inlet Suite 180,+7 (935) 674-51-33
Arias and Sons,45009 Romero Junctions,+7 (957) 782-76-21
Tapia&Saunders and Gillespie,96993 Jennifer Knolls,+7 (932) 154-46-48
Frazier Inc,0802 George Inlet,+7 (965) 654-38-53
Cox-Clay,4487 Holly River Apt. 474,+7 (940) 889-19-29
Scott-Jennings,451 Paul Freeway,+7 (981) 804-89-28
Marshall&Molina and Hall,886 Richard Mountains Apt. 130,+7 (913) 147-45-18
Hendricks LLC,245 Rachel Road Suite 808,+7 (963) 352-73-29
Sullivan-Brooks,1982 Kathryn Neck,+7 (916) 871-20-67
Porter&Griffin and Nelson,976 Jessica Pass,+7 (929) 942-84-10
Whitaker and Sons,333 Nguyen Run Apt. 498,+7 (962) 321-45-11
Barry&Barrera and Fisher,5999 Sandra Alley,+7 (903) 400-77-11
Abbott Inc,031 Johnson Course Suite 615,+7 (913) 232-96-14
Ruiz-Valentine,27391 Jonathan Mountain,+7 (988) 388-77-40
Lynn-Allen,4883 Ann Run Suite 808,+7 (964) 302-87-13
Lopez Group,105 Ashley Fall,+7 (921) 104-76-63
Kelly and Sons,3540 Andrew Glens Suite 212,+7 (902) 521-10-17
Ashley Inc,8608 Benjamin Parks Suite 810,+7 (998) 548-85-61
Richmond&Brooks and Fritz,39533 Sharon Road,+7 (900) 823-40-73
Lamb-Ferrell,19109 Margaret Knolls Apt. 226,+7 (977) 271-62-36
Coleman LLC,2809 Tony Well,+7 (929) 600-37-44
Yang&Leonard and Lopez,7666 Wells Mountain Apt. 926,+7 (979) 478-35-37
Cox-Young,691 Irwin Mountain Suite 042,+7 (946) 339-26-86
Martin&Thomas and Cooper,283 Johnny Port Suite 464,+7 (935) 878-84-73
Evans&Rodriguez and Vasquez,820 Schroeder Summit,+7 (975) 324-42-43
Garcia&Wang and Taylor,362 Alexandra Falls,+7 (992) 549-22-26
Sanders-Bernard,5296 Daniel Mount,+7 (942) 748-46-49
Adkins Ltd,13028 Jessica Wall,+7 (974) 777-90-58
Perry&Rose and Bernard,656 Timothy Locks,+7 (907) 177-33-16
Wyatt Group,4581 Molly Lane Suite 158,+7 (942) 528-38-71
Johnson-Perez,985 Edward Locks,+7 (995) 643-32-82
Wolf LLC,65411 Jennifer Turnpike Apt. 367,+7 (965) 942-97-81
Lewis Group,304 Kelly Coves,+7 (971) 201-11-67
Jefferson-Shaffer,467 Brown Grove Suite 213,+7 (981) 118-20-50
Atkins&Le and Mcdowell,60646 Norton Lodge,+7 (922) 764-63-50
Hines&Martin and Sandoval,43847 Taylor Street Suite 499,+7 (972) 299-52-89
Ramos-Patton,214 Stevenson Isle,+7 (989) 461-63-18
Macias&Grant and Jones,25777 Samuel Lane,+7 (947) 342-65-36
Estrada Inc,770 Rivera Cove,+7 (977) 138-53-91
Bowers-Torres,96282 Elizabeth Key Apt. 479,+7 (973) 236-25-35
Herrera Ltd,55570 Judith Mountain,+7 (991) 543-28-53
Scott&Petersen and Allen,118 Cory Ways,+7 (987) 228-99-17
Bailey-Castaneda,7767 Joshua Villages,+7 (921) 975-85-29
Floyd Group,08154 Deborah Way Suite 720,+7 (944) 708-34-22
Stone-Baker,844 Bowman Avenue,+7 (943) 878-73-97
Miller-Hall,8145 Cheryl Mills,+7 (961) 491-65-97
Henry Group,35914 Jonathan Estate,+7 (931) 582-42-77
Carpenter PLC,4662 Robert Lock Suite 252,+7 (922) 968-41-65
Rodriguez-Ellis,865 Breanna Turnpike Suite 008,+7 (930) 339-73-58
Cummings PLC,0200 Matthew Vista,+7 (961) 510-58-94
Mckinney-Flores,55770 Martin Skyway Suite 412,+7 (911) 395-30-48
James LLC,9813 Lewis Spurs,+7 (984) 185-17-32
Johnston&Cruz and Dominguez,686 Reynolds Crescent,+7 (921) 362-63-17
Guerrero Ltd,1141 Potter Circle Suite 563,+7 (920) 659-51-29
Harris&Miller and Odonnell,9006 Harris Summit,+7 (923) 662-66-55
Saunders Group,893 Pena Freeway,+7 (953) 306-63-65
Smith-Trujillo,73019 King Cape Suite 386,+7 (935) 970-81-44
Salinas PLC,71528 Richmond Circles,+7 (989) 652-71-61
Lyons-Johnson,64580 Burgess Parkways Apt. 326,+7 (939) 467-22-59
Church-Smith,683 Scott Pines Suite 426,+7 (971) 672-82-24
Peterson LLC,9780 Jones Rapids,+7 (962) 340-38-90
Smith-Swanson,0201 Michael Stream,+7 (940) 304-28-17
Wells-Adams,585 Williams Lodge,+7 (971) 423-79-44
Wilson&Johnson and Ware,21964 Juan Shores,+7 (909) 823-82-19
James-George,606 Beth Center,+7 (931) 905-70-62
Nichols-Joseph,975 Love Forest Suite 737,+7 (932) 458-29-41
Huber-Clark,57210 Williams Knolls Suite 868,+7 (971) 680-31-48
Fisher-Mccarthy,939 Kelsey Ways Apt. 604,+7 (964) 755-17-85
Roberson&Huffman and Fitzgerald,049 Anderson Gardens,+7 (924) 630-48-38
Rodriguez-Coleman,6158 Elizabeth Village,+7 (907) 654-50-46
Valentine PLC,2098 Nicole Canyon,+7 (911) 641-34-98
Hernandez&Reyes and Hunt,12871 Cory Flat Suite 600,+7 (982) 563-56-32
Diaz&Young and Rojas,0701 Danielle Parkway,+7 (937) 341-80-13
Martin and Sons,44435 Dickerson Canyon,+7 (905) 874-29-97
Hill&Carter and Arnold,9958 David Light,+7 (987) 816-71-85
Miller-Johnson,738 Edwards Spurs Suite 314,+7 (936) 675-89-98
Yu&Serrano and Scott,884 Daniel Skyway Apt. 729,+7 (999) 329-51-73
Moore&Green and Richards,0133 Yang Rapid,+7 (994) 579-83-78
Bond LLC,373 Miller Unions Apt. 938,+7 (948) 346-69-49
Bowers&Powers and Wright,551 Weber Lodge Apt. 294,+7 (926) 686-10-91
Russell-Romero,3446 Dennis Passage Suite 022,+7 (947) 344-39-66
Hickman&Foster and Reese,03854 Courtney Fork Apt. 317,+7 (982) 288-63-79
Long-Shepherd,247 Derek Well Apt. 132,+7 (978) 643-76-32
Ware PLC,329 Carrie Prairie,+7 (921) 884-89-25
Martin&Dennis and Ingram,3260 Jessica Expressway Suite 469,+7 (906) 578-87-40
Collins Group,52580 Lisa Islands Apt. 959,+7 (934) 826-73-96
Ramsey-Sanford,191 Camacho Cliff Suite 449,+7 (969) 897-54-66
Gonzalez Inc,947 Micheal Village,+7 (983) 905-97-51
Schroeder-Burns,200 Martin Neck,+7 (993) 145-27-37
Garcia LLC,781 Pitts Bypass Suite 981,+7 (949) 432-27-58
Hart Ltd,736 Raymond Vista,+7 (970) 233-25-18
Bryan PLC,2251 Henderson Ville Suite 849,+7 (953) 375-28-17
Holden-Graves,558 Riley Mountains Apt. 719,+7 (963) 336-89-60
Ramirez&Meadows and Morris,646 Troy Mews,+7 (921) 906-58-71
