ramirezlisa,67a89fb856f496405e61a282dc542f50,Michelle,Ramos,Manager,xcox@yahoo.com
danielkelly,0e0fe12f485e5eaae7384cd6d5db2c40,Jennifer,Atkins,Manager,pmata@gmail.com
annette70,ca4ada5c58be6a278fc92a889694cf00,Jeffrey,Osborne,Manager,jon15@yahoo.com
mfuller,f690b54b681cf0877e17d56f497acdbb,Stephanie,Wiley,Manager,kristacastro@yahoo.com
phodges,8a00733ac019f7ad0e2699660d8884f2,Christina,Williams,Manager,jeffreycampbell@yahoo.com
rodgersgary,754e86fb843c4982b7763061387380b8,Brian,Weeks,Manager,millerkristi@gmail.com
kellyporter,d702fa5983a0e9c6ccc167185798ad96,Dean,Hayes,Manager,dickersonchristian@gmail.com
jtorres,af51137bbc061f4ff1f43b15fff4403c,Angelica,Villa,Manager,mrush@hotmail.com
ywhite,a18ba2c0836b22d614046b6c3dd8a88e,Jennifer,Robinson,Manager,catherine56@yahoo.com
pwilson,1bd5a4becfe244106d68787b47dedfdd,Jonathan,Cummings,Manager,timothy58@gmail.com
seanjohnson,02624eac78e36325b7037d0d7d08940e,Sean,Brandt,Manager,dixonmichelle@gmail.com
lhayes,e07fae3eda48d0e97de84f1b76b00a60,Lisa,Frazier,Manager,kedwards@gmail.com
lauriehamilton,d6ea27714f4b8c049a707b648ee894b2,Tammy,Mclean,Manager,karen99@yahoo.com
mccormickmark,31b3d9f327a210e5dcd83f1348ab90cd,Derrick,Jones,Manager,sean54@gmail.com
xstone,4a8ff8cc1540343d14b3be41ab242ade,Sean,Moore,Manager,gonzalesariel@yahoo.com
tina91,36edc7043bed912ce43f702f451aa612,Sandy,Spencer,Manager,hunterveronica@gmail.com
arodriguez,183ba6dcc32f21c21168a79d6006bc33,Christopher,Escobar,Manager,kathryn54@yahoo.com
vmorris,ed5118338847a85ccb68bf92f1d49390,Diana,Bruce,Manager,bergerheidi@gmail.com
brian00,20056e707f908f76a534e4bbff6cae0a,Thomas,Taylor,Manager,berrymeredith@gmail.com
tbarron,cbcde726294985247a79f6b3b197c0ff,Roy,Valdez,Manager,lpatrick@yahoo.com
nuneznicholas,e2fac19a5b73eff3a364c062cd1ef1ea,Jacob,Richardson,Manager,robertmitchell@hotmail.com
arodriguez,054275d36b14eb155961e608d2cdc7d9,Andrea,Baxter,Manager,vbarber@gmail.com
tammielevy,b11afb42871fbd8c0d0fd3afb9b49463,Tracy,Barnett,Manager,sierrawilliams@hotmail.com
rebeccamoreno,236d450a3ac3e7fec4430de684a4db4a,William,Christensen,Manager,richardyates@hotmail.com
michelle49,ef85f7869d34a9875cb4de7c2424378a,Meghan,Schultz,Manager,mark11@hotmail.com
deleonmaria,964d10c4770b3c675f5c8bf8168c4859,Walter,Anderson,Manager,christophermurray@hotmail.com
craig96,ad92850385115ba84de92227e13ae292,Suzanne,White,Manager,danayu@yahoo.com
gabrielchase,c71d80429effb8648bb8bdf22954fc85,Kevin,Garcia,Manager,susan35@yahoo.com
bensonrobert,c34c3c4e7c6aebc82a415a513ec749b1,Laura,Mitchell,Manager,chad81@hotmail.com
castroseth,2d6661901fff614d054dfcfe0119cec5,Jennifer,Matthews,Manager,wbrooks@gmail.com
twhite,8fa01c47d7ed56b3007518cd7a73dd0b,Rebecca,Chambers,Manager,hannahblackburn@hotmail.com
vwoods,3ca4e064dabf976e7cf07094a88a8cf4,William,James,Manager,whitematthew@gmail.com
sara03,36bf1cd12de128b7afd6f43727336825,Crystal,Mitchell,Manager,amyers@gmail.com
debbie17,9cf82b2be8fb262f30e6b0af065bee69,Laura,Moreno,Manager,nicole08@gmail.com
brenda02,b6e99ee72670e6790c6bb347435a4423,Patricia,Mora,Manager,ana98@yahoo.com
gbell,b9a7e05c2af3d0fa60d3d1f30ee7b0fd,Angela,Jarvis,Manager,tguzman@yahoo.com
lewisalvin,6adc549854cfe0b863913e1255c9f8f6,Daniel,Lopez,Manager,wmaldonado@yahoo.com
rnewton,6d014bb9e2ab94e6bf7bfe36aac08dd0,Kerry,Thomas,Manager,chughes@gmail.com
hholmes,53595f3939614d6e4817abe330cb34ea,Joshua,Parrish,Manager,webstergina@gmail.com
ddavis,3fa29fd1bc5b92e39a31ab2540101c27,Sandra,Moore,Manager,davidjones@hotmail.com
fmolina,1219d0453e6b673fff22f1be41712d81,James,Young,Manager,maxcruz@yahoo.com
patrick67,4045b6029b5604da70fd7b6455b589cd,Jerry,Randolph,Manager,sarahhall@hotmail.com
alexandra34,2c5c627fb488c41b4497dc3324f4d350,Tina,Hernandez,Manager,nbrown@gmail.com
wilsondarius,324c1c7d2130bcfe442124a5d5090170,Bradley,Malone,Manager,perezlisa@hotmail.com
kellersteven,0cb1781abef206fb21cbc51bfa595827,Michael,Erickson,Manager,heathervillanueva@yahoo.com
dennis89,7660e74234aaf3493236a924eaa02792,Eric,Hurley,Manager,jbailey@yahoo.com
hartmanwilliam,a88911e6274b9cabbcbc1fc000d743c9,Jamie,Rodriguez,Manager,burnettcynthia@yahoo.com
thompsoncraig,5b4dd7a723c31d225587fbb14d61f778,Rachel,Olsen,Manager,crystalleonard@gmail.com
mtorres,4806b195a919d3aef4b53747a7ed88bc,Timothy,Flores,Manager,aliaaron@hotmail.com
kelly24,6fc409368409e673dbb9d07cd8df9f75,Sherry,Gonzales,Manager,christopherrodriguez@hotmail.com
rachel56,7b1d80afe7d4448d40edb19416a7e0d0,Lisa,Gordon,Manager,robertmcconnell@hotmail.com
matthew34,362c85e08ab0e1c390216d1befff9b6a,Kevin,Nelson,Manager,williamobrien@hotmail.com
jerry95,25a4c297a4e3d3327a1e70d90955f3b1,Roger,Glenn,Manager,scottross@gmail.com
millerbrian,e9dcf19898b6616129ba33ac43fd0dff,Cindy,Jimenez,Manager,gutierrezjohn@gmail.com
pedro80,85b72b7b36995dfd5c54a9a8c7db1257,Stephanie,Bailey,Manager,callen@yahoo.com
clintonthomas,1b121457679d916ef72dbf935fc42b99,Margaret,Ward,Manager,charlestaylor@hotmail.com
haley42,b2cc7d306a14f292dab65f1a95640cbf,Kristen,Martinez,Manager,matthew76@yahoo.com
ubrennan,fb32cc68c822b810b59bec8c03b9cc5d,Elizabeth,Hudson,Manager,joshuaallen@hotmail.com
rodriguezmisty,9799074f93167740af798a1e761fdcda,Matthew,Phillips,Manager,benjamin77@yahoo.com
cooperjonathan,8a7310dcdb8a4145e202a91fb26ec5cb,Russell,Schmidt,Manager,bvazquez@yahoo.com
scottdyer,5c9729ca9595ca2f90ce9ad7d148cfa8,William,Mcknight,Manager,qhowe@gmail.com
woodsmargaret,114b5065ae3e411a36ea890c934548ce,Sara,Lopez,Manager,cindy96@yahoo.com
turnerkayla,7d0a4dc42286d36bd07efe3b86ae9319,Christina,Roberts,Manager,douglasfischer@gmail.com
hebertjeff,80306644d5189a2508180bca9be42f6a,Kyle,Reynolds,Manager,uthompson@yahoo.com
dpugh,fd9eb8a31c3fefadcc4585f384adc45f,Misty,Shepherd,Manager,palmerjill@gmail.com
kristajames,759697952798d3e785d4d95da8528337,Brandy,Koch,Manager,crystalbaker@gmail.com
bryanwendy,508bccc43db536a23d1e4f5addf7183b,Jonathan,Blake,Manager,pcox@yahoo.com
cameron60,3daac94df41b378391cf71d6719e2967,Tracey,Lane,Manager,rhicks@gmail.com
ashleymorgan,4a69cab9a04dfe44d7ae61659f765150,Mark,Villanueva,Manager,salinasbradley@hotmail.com
wongkathryn,d85e5091ac8146dd1713e891cdafa547,Christopher,Frazier,Manager,wpreston@gmail.com
browndaniel,17e812d0c9f72b81441fd51294ec445f,Christopher,Smith,Manager,moorezachary@hotmail.com
dylanfuller,e27702d80a35596787c622ed6e886295,William,Byrd,Manager,vowens@gmail.com
stephenstevens,70cc40ae3416c8b28ea390412e221348,Julie,Moore,Manager,anne18@gmail.com
stevenperez,f024f626999e4fd835621ddb5217d314,Debra,Duffy,Manager,marvin65@yahoo.com
seanjohnson,0d75babbabb6f4eeb6594feeebc972bd,Dustin,Thompson,Manager,tammieanderson@hotmail.com
christopherortiz,15bdb6c171ff32b9838e8672a63696d2,Julie,Jackson,Manager,david67@hotmail.com
mdavis,d75e36f2ca9458b78441988c2e09c87a,Pamela,Christian,Manager,nsmith@gmail.com
mckenzie03,fdde125a3d2393af79a79f05faddb6b3,Jennifer,Mullen,Manager,arobbins@yahoo.com
cassandralamb,54a5f948a4ad4b290d118a7214ce0589,Debra,Reid,Manager,maria90@yahoo.com
jonesseth,795fb965dae5127d79613bc090b1d258,Amy,Garcia,Manager,suttonmartin@gmail.com
teresaweber,9eb788fdfb71fd638f55a046602357b0,Victoria,Eaton,Manager,david84@gmail.com
frederick00,03f98968ea3428147be67dd3d0fd6e5c,Tonya,Diaz,Manager,julie66@hotmail.com
nicolesimmons,6b2dd09fea5615f27d15f01b4d01be4d,Patrick,Bailey,Manager,ehudson@yahoo.com
tiffanyjones,dd36467c5e44de232406c421323fd8b3,Jared,Perry,Manager,joseph80@yahoo.com
ronaldhardy,7a5ce5042019d7c6021a0496966be97b,Elaine,Grimes,Manager,wileyangela@yahoo.com
joseph95,462b09879bc6e634be616225b9fb5d44,Meredith,Morales,Manager,wilcoxjason@yahoo.com
danielle52,0272efd2d16c20ff5faa7a0047ff18f6,Brandon,Wright,Manager,jyoung@gmail.com
khurley,4ab7d653bcafb96963df63c15ec079b4,Susan,Peters,Manager,xstanley@hotmail.com
brownjohn,fe3e525d29e99b18db3541dc89fe888e,Mario,Gordon,Manager,ohaley@gmail.com
wellscassandra,420452135dfbf9cec509107b17ae8c66,Daniel,Morgan,Manager,jenniferwilson@yahoo.com
brandy55,6709d90b821375b97be0594d21fbc894,Andrew,Wilson,Manager,wesley55@gmail.com
fperez,b8c5c9d2aa423a530735b8cd43564ed8,Jeremy,Soto,Manager,garciatyler@gmail.com
allenchristopher,2c4f235353856b6e9ed91e97a244573d,Kenneth,Nielsen,Manager,williamsdavid@yahoo.com
christine78,ae7cce0daf8497db9c3cf6efea1ea3ac,Anne,Reynolds,Manager,rodneymosley@hotmail.com
umcdonald,7ca5fba7e92ce315c0da72b3b564418e,Tina,Silva,Manager,richarddudley@gmail.com
erikaromero,acd81713a7344965ac46a32bab2a345a,Christine,Mueller,Manager,hschwartz@gmail.com
iwagner,48b71922febce9698f89e45cf0ac32db,April,Daugherty,Manager,bergereric@gmail.com
hwalker,5c0490016df2abbdc6f1292ed6e38d19,Melanie,Elliott,Manager,colemanjessica@gmail.com
mcculloughruben,2afe792c439efb8ff3b1c1bf159f3479,Maria,Moore,Manager,pachecoscott@yahoo.com
mooreallison,11b14b0e5141c7ffa88916329c362bbf,Russell,Vazquez,Manager,nicole40@yahoo.com
clementsrachel,dd5056c1b015a51bf234a5678b30e1cc,Teresa,Jones,Manager,richard72@gmail.com
jameschambers,52b00c62bea167ac67cef97dab2adff4,Cory,Anderson,Manager,hickmanaaron@yahoo.com
taylor35,e51fa0b41b9cc80d36d06082b61e6b6e,John,Taylor,Manager,johnsonsarah@hotmail.com
norman22,450ef53e561ea12a356494d0947f7085,Andrew,Reyes,Manager,cheyennegonzalez@gmail.com
david82,1d8d40658544b781cd92acd4ee999c78,Caitlin,Woods,Manager,randy90@hotmail.com
pmiles,8175ff3aad07caffad6d66769865d5aa,Linda,Jones,Manager,catherine07@hotmail.com
ubenson,656f070241e05b0a39d3fd1e87054ef9,Stephanie,Freeman,Manager,oarcher@yahoo.com
dmaxwell,371c1ae09c635c8914b76dc9e46fb5e9,Jennifer,Wright,Manager,zherrera@yahoo.com
laurenmendoza,a66c6b9e6cd3c41622a9eee4aa8d7265,Kylie,Haney,Manager,thomas24@hotmail.com
umaldonado,8bf6cea6e805afdc0a6a1712a57b6d18,Cody,Davis,Manager,christopher24@gmail.com
kimberlymorrison,e7218e4f5b807110bf556123ba3d8870,Michael,Martin,Manager,yspencer@gmail.com
lthompson,da619dba5323d21bae57e6eb6315910b,Sean,Cantu,Manager,robertbaker@gmail.com
hernandezjames,25803a3c5a1c681fe9fed97bdb5d209f,Kevin,Luna,Manager,kathleen03@hotmail.com
matthewmcdaniel,d850e45adea5a845d7f7c28e02b6dae2,Cindy,Moyer,Manager,jacobstevens@hotmail.com
tina42,8d8148149f8855e3b7caced54d93542b,Crystal,Hernandez,Manager,danielle21@gmail.com
tamaralee,cf8f9b596f199b8c58a4fce14154cb4d,Marvin,Allen,Manager,kellyjackson@gmail.com
martinangela,0292663f569a0e723d9d7a1ded6c68e4,Crystal,Anderson,Manager,alexandra34@hotmail.com
debrasims,b95a9cde22207b9d11ed980c3fa64b65,Robert,Christensen,Manager,whitney81@gmail.com
twallace,7a345e43caae158e0771e999cfd71665,Alex,Garrett,Manager,abigail46@hotmail.com
ibaker,8fc252ba751ba47d6fd974fb11611e97,Leslie,Lewis,Manager,fernandezsara@yahoo.com
davidsimon,f38c9e82b08a9284c0f5a836396edb6b,David,Coleman,Manager,jessica25@gmail.com
millerhannah,13bde7e1f44b8a700af05863c0a1b958,Jennifer,Wilson,Manager,idavidson@yahoo.com
colemeredith,2ffe91dd7fe8616bec824645725496fd,Christina,Jensen,Manager,tmontoya@yahoo.com
cassandramartinez,9f3af6482170701f789bbd5f367f439f,Crystal,Barnes,Manager,miguel82@gmail.com
kaitlynmartinez,07fc1e19040db38ee23facb517945a9e,Alyssa,Hill,Manager,angela68@gmail.com
jacob09,748c93759f858e9f6ce30fa6e8bc75ed,Christopher,Hardy,Manager,wallnorma@gmail.com
tiffany97,4ee0ad45938f5ce6b5086e30d6732cd5,Jennifer,Dominguez,Manager,lisa47@yahoo.com
wedwards,9bbb3fed4c0440e39e1b71e7da25ac34,Katie,Jennings,Manager,vowens@hotmail.com
smithnoah,a9bc3f63c311afb9926d9928a339bb0f,Lindsey,Smith,Manager,yphillips@hotmail.com
nathan92,e83468864bfe3a5e27d1ea5422cbbb5c,Kimberly,Carney,Manager,wrightjames@yahoo.com
reedsean,03de23b98736a3dd6982952ead5d370f,Dawn,Jenkins,Manager,jenniferthomas@gmail.com
josephsanchez,2ce94f90759e7c119ca46704baab7a5c,Derrick,Wright,Manager,marie52@gmail.com
brandi17,0e0f7d39acbda420450af5dfe525041b,Steven,Lewis,Manager,smithrebecca@hotmail.com
samuel05,8fdf7e92a2eed76e05b16df6a2a0d294,Amanda,Coleman,Manager,vbrooks@hotmail.com
ygriffin,f90625d5bc74bf4fe2151e8a25a55346,Kimberly,Watson,Manager,portermargaret@gmail.com
randallfrancis,e8af058fcf8f8adcd8ce47ae3275dd99,Kimberly,Williamson,Manager,wernerjason@hotmail.com
brentortiz,0e7cd90768f77a8782113a7ddae4cfb6,Jason,Cervantes,Manager,williamsonalice@yahoo.com
amandaking,e5756bac7157b97a8bde16e3afef6c0b,Samantha,Gallagher,Manager,davisshannon@gmail.com
jodi44,e3db5c5a5465e954ce204ab49d903d0b,Carl,Lyons,Manager,andersonaaron@yahoo.com
nbowen,4b1e9bf7588b3edb532f3c7bda8d314c,Jeremiah,Quinn,Manager,john79@gmail.com
jstokes,347d83a06cd72d26a6ec6062cced6c24,James,Bauer,Manager,michaelsmith@gmail.com
dhernandez,2c9f6f1c129fd76d19b8d46ff27b9775,Nicholas,Carter,Manager,smithteresa@yahoo.com
pamelasmith,741cc61c101d7359312109c96973241e,Billy,Rodriguez,Manager,jacksonmichael@hotmail.com
kirstenschaefer,4cecf52423763385d0f334d71daee529,Mark,Farley,Manager,martin76@gmail.com
gabriel76,3c67a890f1d798556d48bd07c38a76c1,Kevin,Richard,Manager,jonesmonica@gmail.com
edunn,bd96c4e65100c3bea74c51ba4882904a,Jennifer,Gonzalez,Manager,amandawilliams@yahoo.com
marcussullivan,4feb2033e27d705fe66348aeb2c7fba4,Robert,Campbell,Manager,sylviavance@hotmail.com
nathantorres,b9a66a8be625588e0c8e1b359c505897,Deanna,Brown,Manager,kmcguire@hotmail.com
markwilliamson,da2e99449dd65af1a571d78f00b02ee4,Christine,Moore,Manager,kpotts@gmail.com
echapman,c4f21fda2a44455ca4a5dca3636f04cd,Alyssa,Cortez,Manager,hwallace@yahoo.com
jennifer07,595cb6f07e42b0780d8b563274ad4de2,Matthew,Hunter,Manager,dannycollins@hotmail.com
christinemeyers,b2baf4cd30e42cb57135e50fd114850b,Jackie,Martin,Manager,snowjonathan@hotmail.com
megan11,c5d6e93b75a5f01a05e691d7ae40da0d,Melissa,Garcia,Manager,zcarey@gmail.com
zmoore,660c6fb4e130f57f9f0aed9f77091700,Paul,Murray,Manager,ivaldez@hotmail.com
kelly15,f4a3f25cc83db83563553bfd37ca1580,Lauren,Sims,Manager,timothy79@hotmail.com
samueljackson,72754d950218c88759385965033984f7,Michael,Hawkins,Manager,sjohnson@yahoo.com
ethompson,3203aa59905988ab60182368822f02b1,James,Scott,Manager,ronniemeyers@gmail.com
harrisjanice,79b1602a3983b74b8649c03e0a55cdeb,Jessica,Wilson,Manager,dflores@yahoo.com
qthompson,4b53c72995c708f062e8083bd95296de,Ryan,Perez,Manager,villarrealmargaret@yahoo.com
fmeza,addeec73693ef30c7c308ecb9d3f7b9f,Eric,Calderon,Manager,fordkevin@gmail.com
bradleyjade,6aeac5e2b623c1d98f3c96b9b7cded0d,Deborah,Freeman,Manager,charlessanders@hotmail.com
erichardson,8ab510a628226ed7eee1c34ab97f55bc,Mark,Morrison,Manager,qrobinson@yahoo.com
tanyalam,2c3b4c396bb7a842e19f54b80246f382,Kristina,Johnson,Manager,changhayley@gmail.com
oelliott,95bfe92c6e4f0805108d12f8c125badc,Kristina,Obrien,Manager,carlacurry@hotmail.com
lopezalan,ec091d6cac391cf7c91b3c1626ead11b,Rodney,Shaw,Manager,jharmon@yahoo.com
cooperjesse,8435d734d5250ddaf7254e600c1b9748,Brittany,Jacobs,Manager,smithkayla@yahoo.com
anthonycampbell,f53bc1aca09c83bc0628f0fd7a470805,Sherri,Gonzalez,Manager,andrew58@gmail.com
davisandrea,1ad15d419b82d6053bcaed03dad111ea,Melanie,Hawkins,Manager,melindajackson@gmail.com
amy51,b154d9ab2c56081faa70400e8931d55e,Kevin,Moon,Manager,davidrussell@hotmail.com
cobbpaul,ceff01b5b0e1f97597aaf5c1c5830865,Amanda,Cooper,Manager,russelljimmy@yahoo.com
shawnmurphy,5affa579353f01ca10309334b01bf96d,Steven,Williams,Manager,olsentimothy@gmail.com
phillipsmark,0914fce6afeb549c6f2c1a9dfaf31bc5,Erin,Reyes,Manager,karen28@gmail.com
thomasholland,57212729734c4671765fe9c572b2a6b8,Alison,Mitchell,Manager,rtaylor@hotmail.com
jefferyjordan,d95ed5286c574432f072c50241d9e9b1,Amber,Walter,Manager,gmorrison@gmail.com
philiplamb,42edb83b9186cae87299976b9085f0fd,Lindsay,Cooper,Manager,moralesronald@gmail.com
ejones,5958abcb406ddd4627d5fa9631f61aca,Brandon,Jones,Manager,narnold@hotmail.com
mark04,4072bf56e142869afb6f60278783bab8,Daniel,Johns,Manager,valexander@hotmail.com
kimberlyjackson,6e476d19ffb8f541c8cff453f0c4ff2c,Allison,Mendoza,Manager,mooremary@hotmail.com
ckennedy,ab3cea833cd4e03a5a686409ca727a50,Marilyn,Green,Manager,fuentesmatthew@yahoo.com
everettchristopher,310b6a0ba2301020af14691939bda83e,Brandon,Blake,Manager,jennifer14@yahoo.com
watkinsjustin,1d71fc66604d7fedb42819963e8fdaca,Matthew,Hale,Manager,maloneaustin@gmail.com
jonathan47,4d9a8042a6792f25dbd40c5be77ac1e3,Ashley,Hudson,Manager,abautista@gmail.com
stephaniejones,13c39ac2c5fbd373d9b16e6438932523,Kim,Perez,Manager,ryan83@yahoo.com
kprice,f1479c049f12fe3362d309c2d01dc9e3,Brittney,Schultz,Manager,kwatts@yahoo.com
jadeprince,137c47defc8752e36c3fd39c6d9218ae,Michael,Jones,Manager,xhenderson@hotmail.com
xharris,c229d1ba658730ffdd8b6326cb6de35b,Jill,Mills,Manager,jeremybrooks@hotmail.com
phillipprice,8e2e412f25edcf6f0a99c11261907c59,Bryan,Brown,Manager,icunningham@gmail.com
robinbailey,6d5f699fd73737f569ec6967fa72d701,Aaron,Contreras,Manager,jason36@hotmail.com
thomas83,8b32940512e628c2db0e5f054f4e99c3,Heidi,Hall,Manager,vcopeland@gmail.com
dennisedwards,6014995cdf440074802934ad0f317033,Michael,Ford,Manager,mmiller@hotmail.com
nathan70,8ce219da43e72f9443a54e346bc328d2,Wesley,West,Manager,karensmith@yahoo.com
featon,b9b5d76654e15cfacf0d77a915029f27,Terri,Hernandez,Manager,emilysolis@gmail.com
kim69,06acb77028e4e330da71c0beb11b0f76,Carol,Rowe,Manager,rwagner@hotmail.com
kbrown,8700bb804d083d1c1e530692e715b98d,Stephen,Steele,Manager,jasonrodriguez@gmail.com
udavis,83ed525f7acdcd30f344b96e9e5c222c,April,Hall,Manager,younglauren@gmail.com
ybarnes,13c74a7ff0a55a494ce0df959cc74886,Albert,Dillon,Manager,alexis29@gmail.com
gregory42,4221c96aac581431d7187499d4d5f739,Sarah,Cruz,Manager,kristin91@gmail.com
ingramrhonda,588eba04a088e22c42fe9049b0ae3e5a,Todd,Sullivan,Manager,kenneth85@gmail.com
david52,1d06a10b69a0283f834acbe37999efbb,Cathy,Hernandez,Manager,mallorystephens@gmail.com
huntkeith,625bd3984d235334a8ad8851bd7f9b45,Earl,Thompson,Manager,rodriguezevan@yahoo.com
heathercook,4440ad958273754882d7bdc1d9e4e362,James,Farley,Manager,oliviapeters@hotmail.com
jhamilton,aafeb716b02e9f07f220fb0ba3b5aa85,Benjamin,Torres,Manager,melissa42@hotmail.com
lindajackson,21b5bbef7172633f4a38a19c5efd7b59,Jason,Simon,Manager,carterjeremy@hotmail.com
ryanschroeder,51477297fa9dbb3628ece918b33616c2,Amanda,Clark,Manager,steelejulian@hotmail.com
lortiz,de53bd8a2654981fb6aa22cdd7e28b40,Heather,Robinson,Manager,ebaker@hotmail.com
jschultz,29cb8956a02a31228b01b9fd56180a00,Elaine,Faulkner,Manager,pbailey@hotmail.com
jon44,91a577673578e159bd2266c1fce666fd,Christina,Watkins,Manager,valenciaterri@hotmail.com
jorge89,8ab89336cbf7f5b1ad5b38cf995d2c08,Brandon,Ford,Manager,tapiaanthony@hotmail.com
pwise,af8cf44f1e02a4331a3f5b3ed9bfbf8e,Melissa,White,Manager,jeremybonilla@yahoo.com
heidipeters,39c0b3130a94a45d4a0c3a32545baa6f,Joy,Wright,Manager,bridgesstacey@yahoo.com
michael46,5fe056031c687f969fe2ab7cc567e3bf,Andrew,Marshall,Manager,kirk63@hotmail.com
ernest48,a1a659053a76a1a48490d0bfc7d24e9b,Emily,Curtis,Manager,mark17@yahoo.com
george19,8ef0258991e533c3836dd65700f6fdde,Stephen,Gilmore,Manager,drodriguez@yahoo.com
ihess,0b2ce4ef0d9a29dbde383ec9d9621516,Reginald,Smith,Manager,smithjames@hotmail.com
james33,a64a23bb515c9d6868545387d4bce50c,Sheila,Hoover,Manager,nancy97@hotmail.com
williampetersen,066e2eaee37b5247f8256d5ef65acbb1,Angela,Stanton,Manager,owright@hotmail.com
johnosborn,84a7c6b14c73f4769b057d9b2c377f76,Brent,White,Manager,kara56@hotmail.com
billy24,903989f2c7b85fbf42c3423060368e4b,Laura,Green,Manager,watsonwesley@gmail.com
phamjeffrey,b0b23854736c4daac99fee7610c5d6d0,Lynn,King,Manager,justin61@yahoo.com
rileymaria,8af8ba97da857254f155f0c50b725332,Chad,Lee,Manager,barbaramoreno@yahoo.com
taylorbarbara,86979f4a50bc0596812bb0e5aa69b8e0,Bryan,Pena,Manager,johnsontracy@yahoo.com
clineshane,939ddc95852cfd130cbbd6ced89a0782,Zachary,Graham,Manager,robertclayton@hotmail.com
fdaniels,a73fa545253ae19cd8c9e49927b2ed37,Rachel,Evans,Manager,vargasjessica@hotmail.com
caitlinpeterson,89791dc07368af7385d0ddcbd632faab,Fred,Romero,Manager,nguyennathaniel@gmail.com
watkinsveronica,b06ed811e89683a070c1f01a80bab117,Amy,Brown,Manager,stanleybuckley@hotmail.com
andrea18,afa8e0912934d27f4e7451015c38e051,Renee,Higgins,Manager,richardsonkimberly@hotmail.com
ywilliams,0ee310af1d5982c0d8bb744e74e44cf0,Kimberly,Francis,Manager,btownsend@hotmail.com
martinmichelle,89a8637339c1667b2c6d4f0e35a6945b,Shari,Mahoney,Manager,griffinrobert@hotmail.com
michaeldavis,62863d21faf45f6aa192d2795683f048,Travis,Cherry,Manager,elizabeth55@gmail.com
snyderstephen,0c49ffeae97c249a4afc69987c254aa8,Mathew,Walker,Manager,ginapatterson@hotmail.com
zhenderson,e31adf3adbdc8496f91ce320cf8306d1,Cassandra,Peters,Manager,ann94@hotmail.com
ashley02,55bbe34ffb30cba6362c18e18ce03b18,Amy,Carroll,Manager,brandoncarter@gmail.com
duffyrebecca,bfd594b014949e593c49ae356d2cc1ea,Ralph,Moody,Manager,erinroberson@yahoo.com
davidgarcia,2e83fdd6e00165d0c4a495772696a7b8,Robert,Scott,Manager,scottkirk@yahoo.com
noahfrey,ba0817ff7c8f1bfcf1ba4f4c79c9efc5,Megan,Brown,Manager,sandovalerik@yahoo.com
wilsonleslie,0bdbb513717399d2298f70460f25ab85,Phillip,Ward,Manager,williscarol@hotmail.com
rebecca58,c76a17f21cbaff2cf4c0436fa26adc15,Scott,Rios,Manager,regina61@hotmail.com
brandon76,7fb628577af3362661e84f62d10f235f,Sheryl,Thompson,Manager,rodriguezapril@yahoo.com
iavery,ec32710d4e766da83ea4db3a406365be,Thomas,Torres,Manager,danieljohnson@hotmail.com
daviskevin,5f478e1a497fb91971e7c4cca3eb1817,David,Smith,Manager,nicolehall@gmail.com
willie35,7b10e2c2168b6fffd96090915fb78c6b,Maria,Williams,Manager,melindabrooks@yahoo.com
kelly15,73bd8ea92d3c81b2c7fbc5759f2c4fb2,Katherine,Reed,Manager,fletcherrebecca@yahoo.com
andersenjessica,a04e13383e1c9e694153e0cea826ba9d,Justin,Hamilton,Manager,billysalazar@hotmail.com
newtonnicholas,adb362c16d2348ddb02aac56f2089d69,John,Silva,Manager,angie48@yahoo.com
andrewfreeman,1335fc8bc6bbe91b2539afef2a1a7f15,Benjamin,Cole,Manager,zjones@yahoo.com
aaron88,6c84ce83a33832b80beb396742958e9b,Heather,Massey,Manager,thomasgarcia@hotmail.com
finleyapril,83a1e41a1ae0f0aeefe33d245307faa2,Megan,Green,Manager,david11@yahoo.com
wfoley,c4dea3301beae074df58fb64aac50daf,Scott,Torres,Manager,lmartinez@yahoo.com
vdavis,899c924dc41cfb6ba3c2a64d201c0d17,Christine,Hunter,Manager,laura92@hotmail.com
dfoster,99397f9a0c40cf1a6e678683be00870a,Christopher,Armstrong,Manager,zachary97@hotmail.com
megancontreras,d253c20016b107747d65e4b95d14c71a,Hannah,Zimmerman,Manager,nicoletaylor@gmail.com
timothybenitez,c568bb0c666ee1b34ebf7c94f424c8e5,Mark,White,Manager,livingstoncrystal@gmail.com
angelaarnold,6abaa0cc0dc8eb9041337b672efe8f7b,Frank,Brooks,Manager,zkramer@hotmail.com
simonjared,bc0d9167da3143a5076a187ec0881de2,Brian,Rodriguez,Manager,faulknerkevin@gmail.com
holly76,849df210e735c8d8bae2580f40b11857,Joshua,Wagner,Manager,connerangela@hotmail.com
frankshannon,b0a6edee7b51bbfc998072dba1a87528,Marie,Kelly,Manager,ortegatammy@gmail.com
mary92,77dfd3cf2706adaf34de70ecd052bce3,Elizabeth,James,Manager,maria76@gmail.com
chenkevin,88f78b158ed61e0dd390dceeb37ed269,Jennifer,Munoz,Manager,kingmichelle@hotmail.com
rbennett,2cd9b89aa64e5317a946e1b71b9bd65e,Leslie,Martin,Manager,sullivanmatthew@hotmail.com
jeffreyleon,c9afbb9cd8bd226c05ed2ea5e5131577,David,White,Manager,rogersraymond@yahoo.com
robertsjessica,28e035bab1673e970008329a210caff9,William,Lee,Manager,andersonjames@gmail.com
jonestimothy,ba520c18d42b788f85e102405a327f52,Jessica,Williams,Manager,kayla14@gmail.com
tanyaphillips,7f714aedd4921e1c9fb5017aa2c8e019,Kelly,Yang,Manager,amber24@yahoo.com
william04,92860466900c57f9e1b10998dda3d38d,Rose,Weeks,Manager,danielramirez@yahoo.com
anthonywilliamson,858c6292aaae22574fb71bf20b8d1a65,Melissa,Wise,Manager,richardtaylor@yahoo.com
andrewali,c0204f79bbe8da843c931b01a58b6fef,Jake,Taylor,Manager,wilsondawn@yahoo.com
devinross,ad69051655a78314deea12e9310c30ed,Shelly,Perry,Manager,cantulinda@yahoo.com
josepherica,3cc980ba8163cd463346afa3d3dfe532,Mark,Fitzgerald,Manager,sochoa@gmail.com
morrisonamy,ec1da521f919516a421687a49b0dd3d3,Nicholas,Park,Manager,scotttanya@yahoo.com
garyrose,940af22594679c7fc71c5193fca6cea6,Elizabeth,Hall,Manager,jasonvaughan@yahoo.com
anna94,fecc13fc737228a9a669502504e64bc7,Robert,Hansen,Manager,schmidtalex@gmail.com
farmertaylor,6a504c0ca8c678c12ed90777efa55190,Emily,Black,Manager,thomasnguyen@yahoo.com
bmoore,596dfad2e02c6b7522a821343070b27a,Kevin,Martin,Manager,moodygabriel@hotmail.com
hopkinsjoseph,b73a0c691202452f41da6a10a1d2edf3,Billy,Hines,Manager,susanorr@gmail.com
dgarcia,b835b903c647ce1d11ffb1355912f211,David,Lane,Manager,sotosusan@yahoo.com
robert27,5479df0a60025d8d802195c6543e59f8,Megan,Jones,Manager,amanda56@hotmail.com
velazquezjames,caaaae8afd416062cd97bb5aa3fb8ba1,Allen,Gibson,Manager,christinacarney@hotmail.com
robert34,c2fea26eff2a09cd2c9abc3798ed86ac,Brandon,Baker,Manager,belinda82@gmail.com
gregoryray,19fb3cbe0fef2599fa4a7f152577fb80,James,Brown,Manager,debrafrench@yahoo.com
arichardson,513be836a1680e7e233a220fa10c6ce0,Virginia,Peterson,Manager,ronaldfrazier@yahoo.com
williamsronald,5196109e305bd0d181f76e595d5f121b,Emily,Morris,Manager,john31@hotmail.com
fmoore,0e6cbf8bb9975932678ed9aa68a34ada,Eric,White,Manager,castillosheila@gmail.com
rachelhill,0e8c1ccc71d12542fc374c63f483ebe5,Frank,Vargas,Manager,richardsonsheila@yahoo.com
davidjohnson,c8ab3f278f0c74f35241bec15706a5d7,Erika,Hammond,Manager,greencrystal@yahoo.com
cheyenne80,bb87545cbe540e77e7b126cdf6a7b90a,Anthony,Taylor,Manager,winterssarah@yahoo.com
ashlee38,38ddab1636a2c53159c99ab4273ab36b,Jimmy,Wise,Manager,jamesbradford@yahoo.com
efrench,a926621b10981702f7fa4e82e95d14e6,Alexander,Santana,Manager,vschwartz@hotmail.com
parkerjonathan,f53cd75820a3775751536f76d1b3ebae,Michael,Bender,Manager,kimberlyday@gmail.com
jamesmills,8036eedc5d80a659862cdb0299baa9ea,Robert,Gardner,Manager,benjaminjennifer@gmail.com
melissamorales,8ea6d059e50fe33c7b9013cba24da5b6,Catherine,Knight,Manager,myersgabriel@gmail.com
douglas70,c2d2929172b9ebb9ee2053549f73fb7e,Alexander,Haynes,Manager,robert84@hotmail.com
carolinegalloway,b8d47defefd5e999ccfc36adb5508d0b,Justin,Lopez,Manager,george25@hotmail.com
cameronjames,eca91b6694a5b50db98d95e34bf45885,Emily,Hurley,Manager,millerreginald@gmail.com
garciamichael,cc7b6a09e268b20f3b366a38f3393c80,Charles,Williams,Manager,lopezlindsay@yahoo.com
megan61,7a940594ab9e75e71607b7d847dbbbbb,Patty,English,Manager,esmith@yahoo.com
blutz,d40dc72061808649dece3c0e89c9e50b,Michelle,Ritter,Manager,williamblackwell@hotmail.com
hooverdana,a37b7ecd1edb69bae585bf7e25de1cd0,Alan,Nunez,Manager,ginamiles@yahoo.com
stephanieblack,ebceefa3435ca9321325c1119c3a1217,Jeffrey,Reynolds,Manager,mcgrathmatthew@yahoo.com
dennis35,81a46afa616274dd52a8d784b0b36e1d,Kathryn,Robinson,Manager,gonzalezjeffery@yahoo.com
sheppardrodney,0825a132b1afd4ce6ca7246299c7f6d7,Annette,Webster,Manager,malloryjacobs@gmail.com
david35,e59ac49982f825fc4ee69ec96ed55745,Ashley,Franklin,Manager,andre18@gmail.com
mcdanielbradley,4ab1422b54bbe234c8173abd34ad0ad8,Jennifer,Mendoza,Manager,michael68@gmail.com
russell29,33689b266012a981ab97fa23a676eb63,Diane,Ryan,Manager,ijohnson@gmail.com
michael16,a59affa04a06e3dfe6e14169c9356475,Ryan,Smith,Manager,ortegakevin@yahoo.com
quinnjohn,dbfea340e9da764ce55d11151381da81,Penny,Woods,Manager,nicholasrios@yahoo.com
griffithmichael,ecd59332b1028ca230b6fff19ca69b30,Anna,Mcdaniel,Manager,colton88@hotmail.com
suzanne09,305cad53432c2c3e170d65e5fa1037a5,Ashley,Romero,Manager,wongjohn@gmail.com
colemanalyssa,7154e480770c8efef21e09e08ddccbf0,David,Greene,Manager,kylewilliams@hotmail.com
perezgarrett,4ee7de3cb0f03507aca104f2a3b053e1,Victor,Berger,Manager,james31@yahoo.com
rcruz,dd01d00d60a4c995954706af666a306b,Deborah,Robinson,Manager,marksrobert@hotmail.com
gchurch,4f43704c07df6e9dac7fb9b0404ab525,Anthony,Rojas,Manager,silvabrian@hotmail.com
jamesmack,b9e38624581208ca0e9545a6f3903acf,Denise,Jones,Manager,zhouston@gmail.com
colemanbelinda,57f1c622107596f4dfc1b51ddc158a84,Michelle,Stevens,Manager,cwilliams@gmail.com
michaelburton,3aa24324d11fe7e73d72f2d125afdba2,Kenneth,Reynolds,Manager,dmcbride@hotmail.com
nathan27,4117b79791b7748b3446cc798a3d5114,Tammy,Frederick,Manager,mccormickstephanie@yahoo.com
brennanjoshua,2335ec0e4682b484d20936c71af7ed55,Nathaniel,Olsen,Manager,nsmith@yahoo.com
cruzchristian,b7f51d6aae62d5a63931ebf4f2922610,Destiny,Smith,Manager,amy80@hotmail.com
gravesrobert,baee20604648db981d4a5306344950f6,Sherry,Brown,Manager,gabriellabowen@hotmail.com
apayne,53dc0420bb6cf4ffb04a2aeb7f0365d3,Sabrina,Taylor,Manager,cherrymatthew@hotmail.com
rcruz,855189c7a7830a489fb63e72b31a20a8,Gregory,York,Manager,brendaprice@yahoo.com
trobertson,640c98e3e810b15f07f32e64a732518a,Calvin,Espinoza,Manager,wendyryan@yahoo.com
dalton39,af0d1401313d13d567920927839f50a6,Meghan,Brown,Manager,william97@yahoo.com
simschristy,04e3f8c58ff5ac2aa8fc50c15960cf5d,Megan,Pratt,Manager,gkennedy@gmail.com
hfleming,e1ea702dbb6fdc37291a92fedabd6dd7,Jesus,Lee,Manager,jill72@hotmail.com
chad30,8bde11df50b30bd607583fd135c0e46e,Gail,Raymond,Manager,nicolejohnson@yahoo.com
phamscott,24c4fbc2deb896f897039e4407ade73f,Tiffany,Hicks,Manager,vmyers@hotmail.com
frank03,49bc7aa2e7ad8f703a713c7b33280906,Joseph,Beck,Manager,bcarter@hotmail.com
christina45,f450c77fc1e5f9174b84ad7fdc8f54a3,Julie,Lindsey,Manager,anthony48@yahoo.com
angelrichard,dcf62266e891dfa930357013c1c6803b,Krista,Palmer,Manager,tanyahaney@gmail.com
olivia34,74cab1d71089ca9fcf974ff2ce261018,Gregory,Moreno,Manager,armstrongalfred@gmail.com
umurphy,04e2c2d104f9ee09d12970e2403439c9,Joseph,Woods,Manager,cynthiasherman@gmail.com
natalie96,dde922afcd0a93c38feb0da3164cb562,Michelle,Sanchez,Manager,howardsandra@hotmail.com
tabbott,a1045f4abffd31e96a3fb947a38cfb36,Vanessa,Peterson,Manager,gillespiecurtis@hotmail.com
zwatkins,747febe7b9e58b0c4e0413c448483aa6,Amanda,Young,Manager,golson@hotmail.com
meganknox,12f7c7147657f9efc407b315e1c88882,Latasha,Pratt,Manager,joel28@gmail.com
donna21,88f0db18ebb0c59fc2d69a3d060b9886,Kelsey,Stafford,Manager,rhonda29@gmail.com
robertleonard,fdcfc7d0036b1e13f65df85937ca4b48,Rebecca,Williams,Manager,steven90@yahoo.com
josephmiller,b2b2b30ae0af1649abc6f596e42c58bd,Crystal,Cooper,Manager,darrell37@gmail.com
ccooley,bed1ec1015a817c9a29a353595f2156e,Frances,Sanchez,Manager,breanna49@hotmail.com
charlespage,81d3784e08b800e823cbf65c049cf67d,Gary,Hammond,Manager,collinsmelanie@yahoo.com
evelynwolf,cbfc863d1762d0a8cca6a732e78300ad,Rachael,Shepard,Manager,lanekaren@yahoo.com
ryan93,0be9aa39ae144e18a759db4817b847c2,Richard,Butler,Manager,ppatel@yahoo.com
nicholaslyons,da7dc8714e40a1936116e6cad80ac374,Daniel,Gomez,Manager,paul71@hotmail.com
hmoore,aee9b7567461f55c38b384346655f071,Nicole,Payne,Manager,esmith@hotmail.com
teresa39,c3f01f135836c2e36d905789fdc9806a,Tanya,Davis,Manager,sramos@hotmail.com
lawsonwillie,8f0d36c852589ad7f7968bee16c96cbe,Deborah,Compton,Manager,johnstonmichael@gmail.com
pagemorgan,b7f366c72b5ebaf7a3a39755d4abdd50,Julia,Mays,Manager,robbinsnicole@gmail.com
christophermartin,03743a547e0fd74aaad91e1414286f9e,Ronald,Schwartz,Manager,emily56@gmail.com
elizabeth81,c734b06346fa08541bed9b3389ff2221,Lauren,White,Manager,diane95@gmail.com
rturner,e856387f634639acd007742ff3fe6091,Bryan,Mccoy,Manager,megan87@gmail.com
jorge42,af13912ea99dc35c6a64cbde162e477a,Sergio,Wong,Manager,steven81@yahoo.com
phopkins,e3d21f26b7b3f4432d0259d7bf6e1195,Steve,Davila,Manager,marthanichols@hotmail.com
toddcharles,036af1391995b9f33a119c308e563e11,Megan,Sandoval,Manager,josephriley@gmail.com
brettroberts,00d64182cd24f7c9a81645538b4990f2,Renee,Peterson,Manager,julianwallace@yahoo.com
brian83,db81b2162e45a7721128631cd95c51cb,Randy,Sullivan,Manager,carlamiller@yahoo.com
bowmantom,3f540d5ed1f7f89b8825058c687c2866,Michelle,Miller,Manager,timothy09@gmail.com
zhayes,889f7de5c9c19cc41fe57600da5bfa47,James,Dominguez,Manager,jennifer98@gmail.com
steven32,e0eed7c920f532a150f12d43deedbae0,Maria,Dixon,Manager,qschmidt@yahoo.com
adavidson,7adf3b3ebb5a3d7bd61cc35a090ef30b,Monica,Cross,Manager,katie17@hotmail.com
courtneycoffey,1289d7b0d3f968778d65c650a297626d,Cody,Spencer,Manager,veronica44@gmail.com
vernon63,5e49e15e1db9bc6624faf6721aac0630,Michael,Trevino,Manager,katelyn95@yahoo.com
hallmary,63718849f487e75c063dbde537150b15,Stanley,Thompson,Manager,chloe06@gmail.com
wcoffey,2cba2fdcde013c5d0249a7c5911a7c90,Danielle,Medina,Manager,lbarrett@yahoo.com
wilsonrobert,b7c9b20d4ef6feedd9977edf1b1f43a9,Christopher,Moore,Manager,zachary59@hotmail.com
austinmiller,3138a682cffd758ff1e67f0252f31bfb,Jessica,Shaw,Manager,carlahurst@hotmail.com
buchananamanda,c8291d69acae888b8c25294ea9c9ddaf,Jill,Evans,Manager,jwarren@gmail.com
stephanie14,9af7b0f37424ddfe0834d42f294bd880,Angela,Stanley,Manager,craigschultz@gmail.com
martinrobinson,a19f3e8dfd91ef290d94e058af516da0,Rebecca,Bowen,Manager,patelmichael@yahoo.com
mthompson,352d9cfb14a6d3e5fe3b1d16f5a639d7,Jose,Torres,Manager,ashleygregory@yahoo.com
townsendmaria,eae24a2bd46bda9c69955f9a9f34fad1,Jessica,Gates,Manager,robertwoodard@yahoo.com
ubenson,6892a67232fe80b967866f18d5f2eb6a,Patricia,Daugherty,Manager,elliottjack@hotmail.com
awilliams,2199e9bee52ad890c5ee292343c28307,Ronald,Smith,Manager,drobbins@yahoo.com
rhondamckenzie,4e968de4366111c399078d4f5d81f43e,Monica,Graham,Manager,robinsonshane@hotmail.com
kwilliams,2c536b50d4f40f3fc5a883a97cd09210,Amber,Lopez,Manager,coxlisa@yahoo.com
drewgarcia,7562081949ae2d9fc5dd1d24cef2ccf2,Shannon,Rodriguez,Manager,raymond17@hotmail.com
andrew18,9a740929ec099254622bd6d2f9e7a9f6,Dana,Foster,Manager,pjones@hotmail.com
glenda11,ed25054b900de90fdd7095fa344a970e,Douglas,Robertson,Manager,dwashington@yahoo.com
rjohnson,912ccb2eabb242676f32960b62283ed2,Ryan,Koch,Manager,kjones@gmail.com
garciachristopher,ede7d2c2f27af0666ef048f52e6d507b,Allison,Garcia,Manager,freese@hotmail.com
mdavenport,01270add9a41d054a056ea67975bd178,Marcus,Hampton,Manager,changjuan@gmail.com
catherinelarson,395627c85326c27706fa79b9e1f462a9,Aaron,Morgan,Manager,gary43@hotmail.com
brookewhite,bb28c3ce09ebe7439be9f10d74b784a0,Kristin,Davila,Manager,xyoung@hotmail.com
michaellynch,c4161db7ec1d738d0c652d018ba7b134,Theresa,Taylor,Manager,catherine57@hotmail.com
mary97,f39f09a2ee993aa03f0d7a4968b7d25c,Miranda,Turner,Manager,justinmartinez@hotmail.com
amandashea,91fed55ae822533890a6fa2809508cf8,Kathryn,Greer,Manager,ilopez@yahoo.com
estanley,db4508b54323f973f2b3d220b0924955,Frederick,Evans,Manager,aaron18@gmail.com
edwardbarnes,d5fa422496821d5d85c3873633629540,Bianca,Davis,Manager,johnsongary@yahoo.com
stephen47,2e1419c11b115591a29fbfad666678ce,Justin,Jones,Manager,michellewagner@yahoo.com
jeremycunningham,f537a89bf0ba2b01ee19bd5e7da04638,Laura,Mckinney,Manager,pamela97@gmail.com
pattersonsamuel,b42dc5b14bb679ca55d71d864b0052d9,Kenneth,Church,Manager,janice72@yahoo.com
vbailey,456bbf633c3dae5d137c78cd34dba06a,Gabrielle,Gutierrez,Manager,gonzalezkathleen@gmail.com
yhoover,cf06e66b3c921a2c3e566524f5ad2d4d,Monica,Austin,Manager,walterlisa@gmail.com
qholloway,be1233f35c41b8ba1967e3715de055b9,Keith,Johnson,Manager,lcampos@gmail.com
stephensjason,f69e91e7e3f32eddf6769c952194f5e4,Michael,Salas,Manager,carloscruz@gmail.com
lynncrystal,fdea9b65529b0fae880217346c7cc0ec,Roy,Walker,Manager,colemanautumn@gmail.com
ljohnson,8ede7134913d0684d29cca92c8d8cf49,Sara,Guzman,Manager,idoyle@yahoo.com
robert81,5d0b8439ec56640492bc8b2285d3fc1d,Kenneth,Holden,Manager,xjohnson@hotmail.com
chelseaphillips,9930a5a9d5464ae84995a327169d963d,Virginia,White,Manager,destinyperry@hotmail.com
sara90,10648c2eb170ce413f6d39c00a3ca810,Jason,Brown,Manager,elizabeth42@gmail.com
davidvargas,190ae75dfef156873c5f98f75f18af4c,Alicia,Perez,Manager,brandonwatkins@gmail.com
zzimmerman,ad64669dbafbf3b6938355ad084c7c75,James,Jones,Manager,harveyvictor@gmail.com
colondiane,82bd20cc71106ab9f79fccda39e79183,Benjamin,Rangel,Manager,ycruz@hotmail.com
foleynicholas,33c05e30db9e56d9965b0be568d48068,Jennifer,Mcdonald,Manager,donald87@hotmail.com
howardnicole,d234e9ab2ae5e86d737e44d81f76bb43,Sarah,Moreno,Manager,mia23@gmail.com
kathy21,bf79ebe0f11ebb3fcc54c787195fd2d2,Debra,Figueroa,Manager,johndiaz@yahoo.com
jjohnson,f3649a69158235012dc65bbca1034c0c,Debra,Miller,Manager,mollysummers@gmail.com
nathanjoseph,948dc21e5e80d13ccddff48d15525c6a,Peter,Kaufman,Manager,gina88@yahoo.com
ymanning,c029cce26da61bfa349fdda591b3a103,Samuel,Williams,Manager,christiantara@yahoo.com
jonesnicole,ce6dbf915f26753a9f7fa87d5c089b03,Christopher,Williamson,Manager,jacquelinemartinez@gmail.com
stephaniehoward,eff319efdef63f85da0a39cbd2ae250d,William,Norris,Manager,pennylopez@yahoo.com
halltyler,3bf7d3cc7c038c97cad503550845aaef,Manuel,Hernandez,Manager,utanner@hotmail.com
abigail92,12b6a415521b2e0d5bedcaa9674b98c7,Stephanie,Klein,Manager,lisa39@hotmail.com
whitakerjames,1fa4a885e86833a34ff3504e2e7c5e95,Sandra,Moore,Manager,andrew21@yahoo.com
ugilbert,3afbf28259123f4b9ecf0952ed462d5e,Angelica,Wagner,Manager,fishersusan@gmail.com
jonesrebecca,f58c3ccdb85ec56c9cf0f7a88e61ee7e,Andrew,Campbell,Manager,rebecca07@yahoo.com
xzavala,ce8fc4cdcfa4279633bd3d27da8f259b,Jacob,Hughes,Manager,stacey34@gmail.com
shanefisher,da64c52d15c0dd2aa690d884226078a4,Daniel,Knox,Manager,troycastaneda@hotmail.com
cbrown,149e3ed78ee8a8500576318108ab972f,Christina,Johnson,Manager,margarethenry@hotmail.com
hernandezjudy,7a2c3af984d3eef9a677fc9919f607ae,Daniel,Walker,Manager,shawn53@gmail.com
mmoran,15f1057b07977c64abaf0be807f6b171,Robert,Terry,Manager,jonathangonzalez@gmail.com
william74,78e6542d3a0f692a4e0b1b89745025e7,Susan,Gray,Manager,anne24@gmail.com
chasenatalie,4b407677ea5c9af3b32f4bbc5d488bff,Beth,Thomas,Manager,jarvisjames@hotmail.com
wrightmary,41f93620175782eecb3009b92004f520,Trevor,Klein,Manager,tmcdonald@hotmail.com
douglasbutler,6c3f3598dc0dee92c0ec73a2ad99ff79,Valerie,Hill,Manager,heather99@yahoo.com
sylviaparker,001912d43733862e945208c812ca35c2,David,Rodriguez,Manager,cochranmatthew@gmail.com
dustin90,e5c021e9dfa64ace2fc78d3dbf8b54aa,Denise,Garrison,Manager,amanda84@yahoo.com
fevans,b7fdfb424934870f5db3b9a43215c9e3,Tracy,Frederick,Manager,freynolds@yahoo.com
walshmichael,67672e489294e6c4db63ffd96bcf6df9,Alan,Smith,Manager,lgregory@gmail.com
melissachen,de57ba75f315d16b8c7f33cdf4a74d8e,Angela,Barnes,Manager,tclark@hotmail.com
michelle86,18232f93cb305056123ff32cf77d1820,Elijah,Mills,Manager,davisnorman@hotmail.com
tpatel,277e973b99ec84b6238d09010df2979a,Allen,Lee,Manager,edwardsmith@hotmail.com
juan31,2dd411e2ef8a011b49a663e682107bb6,Crystal,Black,Manager,robertoday@hotmail.com
brittany25,db028ec2a2f9582b89ed40448dde0815,Curtis,White,Manager,dakota24@hotmail.com
rebekah66,61e51ec62c7639819bde20cc0a79f473,Shannon,Schmitt,Manager,millertimothy@hotmail.com
jmeyer,4383ae5f9c395751594aecf639b854c8,Anthony,Bradford,Manager,martin38@gmail.com
garnerbradley,2fe48c19c0a033309e0dcb066bb26b83,April,Padilla,Manager,millerdaniel@hotmail.com
bhampton,c5ad4eae057442424b13259422f20bbc,Jeffery,Francis,Manager,butlerjeffrey@gmail.com
joshuajohnson,6a50641e4ba27371837ce3ceab7b3978,Regina,Wagner,Manager,johnsonchristopher@gmail.com
randall77,806b8479a7db3e5f1d92896ef6f7ac56,Tracey,Frazier,Manager,amy59@yahoo.com
rmeyer,d181a28666bab084b2dfe9140321a5ad,Sandra,Carr,Manager,wagnerana@hotmail.com
jamesmiller,215e7f0e90e8090132535cd7c4d3de15,Nancy,Simpson,Manager,jthomas@yahoo.com
ecain,f52b0efd1f5b6070c0320907fc1c89fe,Alicia,Macias,Manager,esparzachris@gmail.com
kbass,f3465d2f49cbbdb07cdffdffabbc11c8,Tonya,Wright,Manager,hpage@yahoo.com
cody64,795d8de30044310a00c87149107fe4a2,Daniel,Nguyen,Manager,haasjeremy@hotmail.com
dwright,705dbe847f5e5dbe67dc07f4667db7d7,Matthew,Small,Manager,csmith@hotmail.com
snydererica,5e26529172b8bc43be884c25aca563fb,Brian,Meyers,Manager,anna58@yahoo.com
jonesphillip,feaa1cb03a8f2f175654fbae8830b46e,Brenda,Rose,Manager,calderonamanda@hotmail.com
evansnicole,1f169481368a64e62afb64b67fa944a7,Adam,Sanders,Manager,bduran@yahoo.com
twest,30da27215be596d2944f51bf3053c40f,Carol,Johnson,Manager,ismith@yahoo.com
markhernandez,453370157a058a24511b2e69aede2113,Jeff,Perkins,Manager,whitejacob@hotmail.com
johntucker,967feb5ebf2617e679891c9985610166,Rebecca,Ortiz,Manager,audrey69@hotmail.com
brian63,ef8c4425c74adffb214f4a52cda64674,Jessica,Wright,Manager,debra39@gmail.com
ujones,098077d514ed2b4e06d59e2a9acd5e7b,Jimmy,Cole,Manager,barneschelsea@gmail.com
qporter,ad37dc4a0e8c82a51655c9fbf2d34509,Christopher,Rivas,Manager,bjacobs@hotmail.com
matthewsalazar,344435ead66edaba4f7165336c0e13e2,Connor,Hernandez,Manager,aferguson@hotmail.com
christineblake,388a6d626804bafd763f42622f3c73ee,Linda,Adams,Manager,stephaniegarcia@gmail.com
gonzalezmary,8433195fc08e849eaa9ae667026c2f59,Stephanie,Coffey,Manager,kristenlee@gmail.com
dgarcia,ba600ce6f6efcacec0e4272cdde3c96b,Laura,Price,Manager,pottskimberly@hotmail.com
elizabethcline,b569c45773cd401f5be0c0c73afea459,Teresa,Watson,Manager,kmanning@yahoo.com
mariobrown,c1b30d8b1be62fb9bc030afa9457ec8a,Isaac,Hayes,Manager,jacksonjordan@hotmail.com
halllaura,6ea0a07f1ff7b984af942d3bdf987843,Nancy,Randolph,Manager,jeanettejackson@yahoo.com
breannalewis,d0d9904aedd1c8f2e35be97537c15f51,Joann,Hudson,Manager,williamdaniels@gmail.com
framirez,b6aa43bfe6a2b85199297dc07f63490c,Kelly,Hawkins,Manager,joseph28@gmail.com
michellehill,015b7bdf9284dd1e4e133be8ae5c91bb,Vincent,Vargas,Manager,dhuber@yahoo.com
kimberlyhobbs,ad14496f8da124dcbeea7e93819f4e4b,Jason,Hall,Manager,watkinsshane@yahoo.com
garzadennis,0c1df7da005687cad6a7a76e317ec623,Susan,Bruce,Manager,asmith@yahoo.com
lcastillo,dfc1445cfd51ddfe22ad2d3c2906911d,Janet,Young,Manager,james36@hotmail.com
anthony58,ee4b92b328a3c4bc3542d3c83fa6f3d8,Ronald,Barker,Manager,annavazquez@yahoo.com
kthomas,78826186bdd8c9764fbc1a815412caae,Crystal,Grant,Manager,baileydanielle@yahoo.com
jennifer24,9d2a50e6af948ef041468829d137f924,Troy,Gregory,Manager,letimothy@hotmail.com
gilldaniel,95eb549605357537be509345e3294e2f,Brandy,Bowman,Manager,pmiles@hotmail.com
sjackson,d741461a531f4ff495f0ec4d92bd27f8,Amber,Hall,Manager,colealexa@hotmail.com
torresmichael,dca499a35c2e3eeeb942f2e9fbb9da0d,Robert,Weaver,Manager,kimberlyprice@hotmail.com
nicholascurry,97e54969a1af80df20e662cb590435c8,Kara,George,Manager,katelynjones@yahoo.com
shannonrivers,15f44c9080dfeb1b018669e85f61d4e7,Victoria,Osborne,Manager,emma84@gmail.com
jbrown,46c676ecbe76580eb5ef2432cc420b62,Kimberly,Hill,Manager,robertallen@yahoo.com
michelleberg,34a80717089986f380c0938d2d7ce913,William,Roberts,Manager,williampearson@gmail.com
jonathancrawford,30a1db664eadc569698cbb3d087b2e8a,Barbara,Abbott,Manager,david81@yahoo.com
sarahcarlson,7027386bd5b56b509a631a1686f9b13d,Andrea,Carr,Manager,julie38@hotmail.com
hlewis,bd98095e28efa9141e8dbf1a7bc7fc9a,Brian,Acosta,Manager,justin21@gmail.com
brenda63,00942361bcb8bd0c9aaf320b115196bb,Emily,Johnson,Manager,andrewilliams@yahoo.com
manuel10,77ce28914408aede057771b99967404f,Anna,Thompson,Manager,carol64@gmail.com
jonesjonathan,1cbb6c13799e8d1413a2f183161c8508,Matthew,Campbell,Manager,jordan95@yahoo.com
kaitlinwilson,8250d5fd0026fe643e9d6df26d5749f7,Jeffrey,White,Manager,matthewwest@gmail.com
kristimoses,1f4f236132b1e56b825b51f54d7e489d,Alyssa,Jacobs,Manager,douglas98@yahoo.com
kathrynmoon,d08e0a54eadbb076bdea06c604d49057,Kaitlyn,Lopez,Manager,sreid@hotmail.com
lisa73,aad06eaf30d1e993eb9db86ea74e25be,Cesar,Nicholson,Manager,amanda96@hotmail.com
kylebrown,fbfc632e5710edb83686c094cb1619d2,Bryan,Ortega,Manager,dorseyandrew@hotmail.com
salinasnicholas,4aba53f81266b7ff8a936cd308146a04,Alec,Hampton,Manager,brianadavis@gmail.com
alexandermarshall,b1e0112825321087e42dc08ca8de9eda,Brandy,Kennedy,Manager,qmyers@yahoo.com
yjacobs,de2ad0a8eeddf677104532d1a0ac03bf,Daniel,Schwartz,Manager,anthony30@yahoo.com
tammyluna,2b6e2286df35a7ec14056b2d50e44a64,Kathleen,Cooper,Manager,nmyers@yahoo.com
jeffrey71,d297b97ba33ac5c350800284f76a4ac8,Wendy,Jones,Manager,bankskaren@hotmail.com
hlopez,dc23d3135188694e1272dceaa8e1e73d,Bill,Barr,Manager,zjohnson@gmail.com
derrick93,782fa2222af2a2221e80f6c2ad8fb39b,Aaron,Stewart,Manager,anthony65@gmail.com
davisthomas,c3ae122af10b8cf367fc99972a97dec6,Sara,Martinez,Manager,lisachang@gmail.com
imiller,953bf7e0050844baa3962fd71391a843,John,Jones,Manager,terrylane@hotmail.com
cherman,943dc17d8eec4dd62de113f4a94de8f5,Heather,Lopez,Manager,thompsonjohn@gmail.com
davisrobert,7999465ac4ee6b7d7ceb4f825211c98f,Caroline,Palmer,Manager,mcguirekathleen@hotmail.com
dominiquethompson,12044c097b939312f1c7d162625ee9d9,Angela,Arnold,Manager,kathryn55@yahoo.com
xdiaz,cb99a83427cbb45996bf2f47e568e858,Denise,Ortega,Manager,jgreer@hotmail.com
crystalwallace,e6182435230bd213d6781893c4379fe4,Micheal,Anderson,Manager,david62@hotmail.com
stevenzimmerman,e7ad28a9c919a8c3cf6ad950c64f0d97,Eric,Smith,Manager,qphillips@yahoo.com
heather50,168e58158e514f2ec2ada54a735377b4,Jaime,Evans,Manager,jamessimpson@hotmail.com
smullen,04e21b50acd0aae8581d6796f4357c84,Eric,Anderson,Manager,christinawalker@gmail.com
joshuahunter,b2e7b89a69bdd92b8961ba64a76b0792,Christopher,Lawson,Manager,newmanjose@hotmail.com
qspence,d727800e7a70f0350b70e443e02cd3a9,Matthew,Bridges,Manager,joseph94@yahoo.com
miguel72,0d6c18258149fbbe9be912453a15902f,Steven,Johnson,Manager,stephen43@yahoo.com
bpierce,641d7b23a35da9709fbf9cf7930ffbc8,Thomas,Gallagher,Manager,yfrank@hotmail.com
jason57,7facfa207adece951f8f98af2ffa6063,Charles,Powell,Manager,juliekemp@yahoo.com
mvilla,a4020a667b5cef65ea60cff0778b6991,Kelly,Perez,Manager,obowman@hotmail.com
olsonkimberly,6ec555339844b7dbc0540e7c5e81d4ee,Curtis,Johnson,Manager,alyssafrank@yahoo.com
thomas35,2df1fee5eee0ec2c46c1a8ad4aa5dbed,Jennifer,Parsons,Manager,zachary97@yahoo.com
karendiaz,ff6439cd31be268ea806cd1a2a00a85d,Michael,Watson,Manager,carol18@hotmail.com
vspencer,b2b2bd559f6f12f4ec148215799a2d9e,Ronald,Bradley,Manager,johnsonkimberly@gmail.com
dsims,661b0f5f58573c04ec69aab1239aeed6,Kenneth,Mccoy,Manager,jamesguerra@gmail.com
jeffreyduarte,7ed9d07f8d27eaa66e9e85d7bead3380,Stephanie,Barber,Manager,sgarcia@gmail.com
asmith,5908670d09e49d775a86d22d786f1bca,Michael,Clark,Manager,ashley68@yahoo.com
brianpark,e3e63c42f847500dcbed68bccd36bd2d,Lisa,Hatfield,Manager,gregory59@hotmail.com
ffrank,938aaad2bb5563157ce64058ee03abae,Anna,Diaz,Manager,mooretiffany@hotmail.com
roberta89,02b7dfd711f41001ab5c9c86517f8e3f,Angel,Fernandez,Manager,ywyatt@gmail.com
frycarla,ffca36d4462ff75d08afc603f00ba4f8,Amanda,Mcdonald,Manager,marquezchristine@hotmail.com
thomasangela,65f618d0d5128e699c2dba59bbef1ba9,Anthony,Perez,Manager,kristythompson@hotmail.com
allenfields,1323ab217691ec26ceaa3c62de031c05,Joshua,Davis,Manager,johnsonerin@hotmail.com
teresa02,2b524b3e952ca5483c0f3a266002ad21,Christina,Anthony,Manager,pittsnicole@hotmail.com
christinadavis,985d05a14d0c97c5aba6b8a4e6ca66c0,Joshua,Chen,Manager,zlandry@yahoo.com
zbarnes,339377ad6e112ad4624f961b5e7cbc01,Daniel,Moody,Manager,zacharyanderson@hotmail.com
mark10,74bc56648f6864808db3ca59bb154654,Michelle,Beard,Manager,coffeybryan@hotmail.com
jacksonjoshua,1e350b2e488e1c11fa6312b0095123ce,Luis,Carpenter,Manager,alexis62@yahoo.com
leslie31,46af3d1a490d7e1c3d32614058f3e24b,Luis,Pearson,Manager,shannon95@yahoo.com
gjones,0f5e6fe48c7b0a9d995336cba34a4a21,Sandra,Lewis,Manager,millerwilliam@yahoo.com
nferguson,21cf13913c0064f07a92e15f46e5dffd,Kristin,Browning,Manager,fjohnson@hotmail.com
wtaylor,751567c8591d4d9649533f6c3ef9c2cd,Sarah,Watson,Manager,philipbryant@hotmail.com
mcguireterri,03acc00725e26d56091878130af4a295,Cynthia,Hall,Manager,joe82@hotmail.com
cklein,602edafa5c655033856f207e8b2e31f1,Jeremy,Johnston,Manager,fmorales@yahoo.com
gary20,c966b8335381e3897575dfc2a4abb4f9,Christian,Velazquez,Manager,sheltonjoseph@hotmail.com
maryburns,7884a5d33f33d281fd0f89985708dedb,Andrew,Pearson,Manager,joshuawallace@yahoo.com
beckpam,35dce3458862ba46392e6f887dde58a4,Walter,Scott,Manager,james49@gmail.com
xjones,8f261d3e9ee640f6adf0c483cb2aedf9,Chad,Williams,Manager,jessica13@yahoo.com
nelsonnancy,3edce1cb3fe15830b6009aba01026d02,Nancy,Martin,Manager,friedmansteven@yahoo.com
pam60,cd7974edc03bec0eb1238513b7c28009,Fred,Smith,Manager,cynthia40@gmail.com
andrew33,295667bef91eec7ae21305dccd46af11,Bradley,Trevino,Manager,bradley23@gmail.com
amanda51,afa8dfd2b5cc0ddfa3f1e34165d1840b,Jennifer,Robertson,Manager,jonesbrittany@gmail.com
ethomas,36ead41efaa16238a8a6f69d5d234634,Richard,Noble,Manager,amberlopez@yahoo.com
bensonbeth,fd2b74ec2aae92d34da8e724e3f5ab5a,Lorraine,Turner,Manager,fisherryan@gmail.com
erinmoore,86cf7d2196e83a66bd2409a38de385b1,Robert,Larsen,Manager,wrhodes@hotmail.com
gabrielagarcia,658c46bb8e84ccb2578b491be3932901,William,Taylor,Manager,cartercollin@hotmail.com
lindseybruce,e75429e3cb9a697e21308aee5166e847,David,Stone,Manager,andreacallahan@yahoo.com
richard24,0ecc6f817bbca8db3c2c82e505fa1fd9,Christina,Glass,Manager,craigfranco@yahoo.com
aguilarjose,0d117f9340146f90f72e60feca31c3af,Tammy,Underwood,Manager,johnsonjeremy@gmail.com
matthewwood,d8f9ffe997873bae7a773fc38494a59f,Melinda,Sawyer,Manager,brennankeith@gmail.com
cphillips,eca71d559e3f7bf098bc7c2245689d6a,Heidi,Nunez,Manager,megan75@gmail.com
vchoi,497b2c8f67de7c8e5971e6defbd4e0c6,Paul,Durham,Manager,andrew48@hotmail.com
rachel79,4dc24b5e10afb8c1b87dee31ac387fd8,Kristina,Hampton,Manager,jerryjones@yahoo.com
mevans,81b5cf6fa34001da24a0a22dbca863ae,Alicia,Terrell,Manager,danielle25@gmail.com
evansbonnie,d99bd2d06bbfa4001915f1736f1f89b1,Stephen,Henderson,Manager,cynthia99@hotmail.com
maxwell70,05d0fed1b3708abb24fbe59bbf3a7440,Denise,Guzman,Manager,tiffanymckee@hotmail.com
knichols,bb5b7bd2cfe7cad5bba25fa47b807e6a,Joseph,Ramos,Manager,deborahsantiago@yahoo.com
melissa50,ce6d10af68b59dd216ca52135b0840de,Amanda,Castillo,Manager,oodom@hotmail.com
sandraibarra,672b2b7773bdcd031cd70e9a03e6cd7a,Sarah,Jackson,Manager,daniel22@hotmail.com
rowlandmichael,d46f6c4d8b5075c4207e4e551ba18c98,Jonathan,Murphy,Manager,uparks@gmail.com
michaelmurphy,1666998d3eeacf87a6ed658b0594ab0a,Sierra,Cabrera,Manager,ystevens@gmail.com
justin02,d4821cec2e945cc8665413251c04cb6c,Susan,Lyons,Manager,wsalazar@hotmail.com
rhill,ef3f59fadc3ac537a38f230147a9e113,Jeffery,Bowen,Manager,agoodwin@gmail.com
adammacias,2d6198bfc44375e5ece37bd4ccb0de09,Grace,Russo,Manager,jennifer31@gmail.com
travisgarcia,35cc0319e773a3d0fd5ba4e9143b508a,Renee,Newman,Manager,mcgeemichael@gmail.com
taylorcharles,0c4774e56853b2b0b581a935df66b411,Sandra,Higgins,Manager,olivia18@gmail.com
nblevins,5e576b04ee9317b6b002c800a7e187b6,Ronnie,Johnson,Manager,juliepatterson@yahoo.com
scottwhitney,f1aefff8a3b93ef156935abad26606fc,Gregory,Flores,Manager,robert09@gmail.com
pamela79,fb2a97c0020ec34a2c5e479c07187578,David,Shaw,Manager,amy07@yahoo.com
wforbes,8551879e6ef73fc53f1498b325de8c77,Angela,Ingram,Manager,jillianwalker@gmail.com
donnafarley,25c8a300429ee243b3dbaca5e638ed3f,Karen,Howard,Manager,justin60@gmail.com
elizabethbrandt,32b1ad19ea1c0e22d99c1f9879d45d78,Brandon,Ramos,Manager,garciamichael@hotmail.com
michele73,909496c4d397a40690fd10405dbaf15a,Ruben,Bailey,Manager,rileyscott@gmail.com
ferrellrobert,48108c5c0f94f658ebf6a47fb0b9fba3,Alvin,Davis,Manager,zcollins@gmail.com
christopher16,7aa7d6c3867c1439aa6e953b1a7e0c10,Shane,Navarro,Manager,frojas@hotmail.com
diane30,d4630835f9840632c7ecba014f72985d,Olivia,Strong,Manager,gina54@hotmail.com
dale85,5e7163a0c6d83468bd1d7848bc4ee5f1,Stephanie,Quinn,Manager,kbrady@gmail.com
matthew16,3788ec2afa2c272fc5ed48a623813b8a,Kelsey,Williams,Manager,lburke@yahoo.com
ubradley,1332064d282bb696663b7c78202e4e6d,Kara,Mendez,Manager,kevin76@yahoo.com
kristenpierce,c0ae7df8e6ba5dd43fa5912b86c5454c,Abigail,Gardner,Manager,sharonduarte@hotmail.com
robinsonjessica,ae56a261cac6c16937c48da97d3989b6,Daniel,Stone,Manager,emcdaniel@gmail.com
charles19,9525f13cdb3ad2d63aeacb786b4da387,Katherine,Williams,Manager,singram@hotmail.com
julieallison,63e6685b81192ea53402635592a627f9,Valerie,Olson,Manager,kristinaparrish@hotmail.com
uchambers,31005e9e9ebce816b4f9b6c53a01af62,Howard,Potter,Manager,stephaniehodge@gmail.com
melissamonroe,b513f1e7a18550cedce96e430416e416,James,Parker,Manager,csmith@yahoo.com
jeffrey38,bfea9f17466dfbe80178271146f32c04,Jennifer,Henry,Manager,ycordova@gmail.com
robert21,1f6b9f75558ea7b0310a45b449f8ed6c,Kelly,Mann,Manager,ecosta@gmail.com
tyrone02,ff7f9216b449a94f7c3fa4f2b2332a4e,Kimberly,Sandoval,Manager,imorales@yahoo.com
elliserin,44039fa4eb78961f735b6fef07ece3cc,Ashley,Bowers,Manager,virginia23@hotmail.com
morgankyle,d15705568ab62c63d03f2298370da3a7,Jennifer,Nichols,Manager,tylerjames@yahoo.com
howardalicia,8e73cad626cec5d0094ee640fcc3332e,Kayla,Thomas,Manager,estokes@hotmail.com
johnsonrobert,271d50843d6a2fb489c26bbb5f04c8ff,Jason,Edwards,Manager,christinavillarreal@gmail.com
ogardner,b0e018b7903929ac399d8405342e25ba,Rose,Wilson,Manager,delacruzjennifer@hotmail.com
johnwalker,c99cdfc19f2066edf2353259abee9d9d,Cassandra,Fox,Manager,codyarnold@hotmail.com
emily79,0ff49e99b4c219d5bb67f04864d6c079,Lisa,Reyes,Manager,smadden@hotmail.com
adamserica,8d2f909b27f0543e2db6ef3167e0d475,Adam,Paul,Manager,johnramos@gmail.com
allentodd,d36e845d758f4fa89e231bc8b4a2b11c,Cameron,Vega,Manager,jocelynclark@gmail.com
imendoza,2ca9877c5349ff6ce436e1929a5abc1d,Joanne,Reese,Manager,steven92@hotmail.com
douglaswillis,c47e3a99e41a4b82a8d2b0a5a7248045,William,Brown,Manager,williambailey@hotmail.com
bellmackenzie,aa36618f0b21e806995603ecc841e443,Karen,Whitaker,Manager,luis87@yahoo.com
michael26,dc11a1b52b17904aa3c3526029446b47,Lisa,Whitaker,Manager,heatherjones@gmail.com
mooretammy,85b0ee62712ef3fcc6ce8fd2bc14f0c8,Alexis,Bright,Manager,cordovajohn@gmail.com
hughesdavid,928aaa343f1b1ca52ff6e539f90dd2d0,Brooke,Smith,Manager,foxjohn@hotmail.com
eduardoboyd,1b6574317d56d49f542c4ed38c0b03ca,Jennifer,Bowman,Manager,wendy31@gmail.com
rachel72,8df620c183c39992d9bc6058bf878c54,Nicholas,Pope,Manager,aaron47@hotmail.com
martindavid,138b48f28d960fe63f81a01efa1f88a7,George,Graham,Manager,susantorres@yahoo.com
jeffreystark,5b9551f5b8951c6b0d5035b3e260dbe9,Jacqueline,Young,Manager,xbarber@gmail.com
natalie91,6ea7d21e87c2025575a2e15184a06287,Catherine,Coleman,Manager,joseph50@yahoo.com
richardharmon,cbc5d72ae55e3458aecf6326bccae596,Stephanie,Freeman,Manager,larsonjohn@gmail.com
knelson,850e733bdb03492bdbe0fb63efd3eee2,Matthew,Cooley,Manager,jenniferbaker@yahoo.com
jennifer29,58f785fd5258dfc22b71fcb7839cd63c,Anthony,Wilson,Manager,craigjustin@hotmail.com
kayla42,d81d0f55b90426cf97c76630f3dc46b4,Walter,Young,Manager,tonya62@hotmail.com
cherylanderson,90352e2e33a98cd7a6a6d97a953edb7b,Carolyn,Jones,Manager,mooneyandrew@gmail.com
stricklandjo,d8cab36a6d2ccc0c1d84677b5b493831,Marilyn,Elliott,Manager,marie65@yahoo.com
zwebb,09d164a5b8bc2ceb3b83bf31db4a20a5,Roy,Anderson,Manager,mary93@yahoo.com
aschmitt,b1834426e5fb71e75e919f10c98201ba,Dawn,Martinez,Manager,davisemily@hotmail.com
joshuajohnson,1ab096912de56573af32adb1d9fda3a9,Ruth,Butler,Manager,pevans@yahoo.com
tiffanyhernandez,7cb5429f5a3bd33d4841c109d8483a3c,Kristine,Martin,Manager,nicholslee@hotmail.com
brittanychapman,7a912fa8da77f1f30c8b34771aa402ce,Jeremy,Fields,Manager,austinkiara@hotmail.com
kalexander,46148ad93af39a1289748a26fbf5b6c6,Eduardo,Martin,Manager,barneskimberly@yahoo.com
travismurray,34cfe36a5d82ac853ab433992ad9a5f1,Melissa,Bradshaw,Manager,sara40@gmail.com
wchen,260f5dc64864845560c3714055017b9c,Brandon,Acosta,Manager,pgonzalez@gmail.com
tammyfarley,dc19da538e782b49269968ef6b2d856f,Sara,Maddox,Manager,margaret83@gmail.com
taylorshane,48b99e9fa731644c912e270605de8965,Diana,Ball,Manager,alex05@hotmail.com
maryroberson,0afc9e0cc911527ad65820c85afc95d0,Vanessa,Lewis,Manager,castroderek@hotmail.com
xsmith,133123536b682888d69aa6df281aca05,Rachel,Nguyen,Manager,wilsonspencer@hotmail.com
dromero,7d8eeae043572162ac74b2c884343671,Karla,Harris,Manager,wallacejoseph@gmail.com
michaelduffy,9e03ba8e326314030c9e3a698c0ec952,Curtis,Christian,Manager,rachael39@hotmail.com
browncaitlin,ef2c90733c99f9d20efbb23cad563408,Joshua,Williams,Manager,timothy45@hotmail.com
griffinandrew,9c91fd7bea5cc7e950f54ac1c93de332,Diane,Bishop,Manager,xjones@gmail.com
priley,15aebe63147717541384538112056330,Randy,Torres,Manager,kathrynfox@yahoo.com
anthony83,ea92b5013ef904cfb06fcc046288ee05,Donna,Perez,Manager,grahamjeremy@hotmail.com
christinacummings,e9b16d5e4c958dfe4e65f35bd4e97b76,Lindsey,Taylor,Manager,william58@hotmail.com
kennedydale,bada9d9a62b3ea5e07af4aec30802d8a,Jeffrey,Marshall,Manager,rcochran@yahoo.com
gregorychristian,32cd0199be5ca2fb8666ea764dca36f6,Virginia,Perez,Manager,castillojeremy@gmail.com
luis04,f9342192744b06d865abe03438c450dd,Arthur,Velez,Manager,williampalmer@hotmail.com
michael41,8f2facdaf733cb7f0daa90b57da144a3,Michael,Mitchell,Manager,boyleglenn@yahoo.com
frivera,5fd8805a52f1736a19b7df945f49e856,Nathan,Rivera,Manager,sonia58@hotmail.com
angelahernandez,422f7fd10a7773663e7b83113af1d1aa,Courtney,Mccormick,Manager,tiffanychase@gmail.com
molly47,35ee4dd8f7312afaaea71602ab07d11d,Austin,Warren,Manager,bushanita@hotmail.com
coxbeth,5c2467a0919c85bc32a68e73e73ee90e,Christopher,Silva,Manager,dominicweiss@yahoo.com
mvasquez,1ef8e83d551d731205fe9f535c5e7878,Laura,Schultz,Manager,alexis01@hotmail.com
wendysmith,33e75b46b1cf60e398f187eadb1f85b1,Sarah,Andersen,Manager,shawn79@hotmail.com
romanscott,05d4388010b781de52fc01abf5e47c63,Virginia,Parker,Manager,istevens@yahoo.com
kathleenshaw,f93e4b3dfa3a6637cbea44a6ef743f50,Jasmine,King,Manager,kyle55@hotmail.com
wallerjoshua,25a148cc2f1982aa6d8a0f6ccfa80a9d,Lucas,Hall,Manager,allison66@gmail.com
jeremy69,b701da0d81549c209957045dc8d11576,Kimberly,Vasquez,Manager,jason46@gmail.com
mitchell35,a134e9a792d6d70961fc18843b25fdcc,Shawn,Baker,Manager,felicia49@gmail.com
karen67,79f25c2a32123a51d5f7b1dd62a7f8d4,Christopher,Henderson,Manager,qsmith@yahoo.com
sabrina51,846cf4a5f8d7c8688bc99edc8f994138,Austin,Garcia,Manager,james89@gmail.com
brad65,eb2ca685eb6e9a1443d0d441d93df8d0,Linda,Waters,Manager,joshuadavis@hotmail.com
ashleyrobles,8702e6048dd1d27bfea1db8634668df3,John,Aguilar,Manager,yyoder@yahoo.com
davidperez,98ae51627403ff4aab8770e5796fdf5c,Michael,Bradley,Manager,dianaescobar@hotmail.com
foxlori,a4078bf3443ce65586314c1fdd7b8308,Juan,Hernandez,Manager,dalelong@gmail.com
williamsjill,6e87d4ba6497b8fccada05009c35515d,David,Murphy,Manager,ericjimenez@hotmail.com
danny92,b645ade3667b1678d32e687c53878783,Elizabeth,White,Manager,sullivanantonio@hotmail.com
teresa24,6c4b2a9ed15ae689541c3aad76901a5d,Angela,Guerra,Manager,jerry02@hotmail.com
tmartin,a15e58b2bc538ae8821c6cd2af23c536,John,Maynard,Manager,carrillorenee@gmail.com
maurice08,18f30f4d4e018940e360a8c769f5415e,Robert,Saunders,Manager,jenniferandrews@yahoo.com
xcox,e515aaa613360ad740383166a3b01482,Miranda,Newman,Manager,tammy72@gmail.com
qperry,2a878d9a035b69c4d970d7ac031ed33b,Kimberly,Stout,Manager,rodgerstammy@gmail.com
michael84,0bacf3667b305ecd5e783d7112836aa8,Kelly,Baird,Manager,christopherherrera@hotmail.com
zherring,40bf86191eb90de66b20cc89d297be59,Victor,Davis,Manager,kpierce@yahoo.com
richard18,35fe2cbaa6659cec39ca64b5829ee5d3,Brooke,Wood,Manager,roconnor@hotmail.com
aaronhall,44f5723f1bd6416804c88de92b6e4a69,Jill,Clarke,Manager,moodythomas@gmail.com
pturner,548f64b8417449c942282b9ffc9e20fe,Sean,Mccarthy,Manager,ebaker@hotmail.com
stevenphillips,2b1c00f235c8bfc9eb1c53e73b9d75e2,Madison,Guzman,Manager,valerieadams@hotmail.com
virginiagordon,a4e88217c87bf1e487e7f3f2979844ec,Kathleen,Bass,Manager,wmendez@hotmail.com
orush,aa6ee316dd41cd9399f5ced19f76e08f,Renee,Walter,Manager,riverajacob@yahoo.com
riceheather,c98cc41898ce7c7751bc3e6ba8556678,Ashley,Caldwell,Manager,smithtimothy@yahoo.com
yking,809fa42538ad9b8928723bb1a46841df,Evan,Jones,Manager,thomastheodore@hotmail.com
popecarrie,324411429458585acbe9f881a1147384,Daniel,Johnson,Manager,daltonkimberly@gmail.com
angela97,4e4da92f684eb2f692a4964518d843c7,Scott,Lee,Manager,john35@gmail.com
solomonmegan,23da710493bf4c7fdfccac4b935693d7,Michael,Cox,Manager,carol71@hotmail.com
rwall,28c2652582d885e3aaf87c0042023da4,Jose,Jackson,Manager,cummingsnancy@hotmail.com
martinezcollin,981afb194942454ca07e5fc751126c69,Kathryn,Smith,Manager,sandravance@yahoo.com
lynnbryan,b18abc4a630ffac3f1539fffb7748cb1,Andrew,Sullivan,Manager,justinlee@gmail.com
lharvey,806e278d0af3b61fb28f902ca2dc66bc,Nicholas,Freeman,Manager,fpoole@hotmail.com
umullins,e2894245d41fd590395f1b25340f216a,Kristina,Phillips,Manager,kmccarthy@gmail.com
kimberly70,30718af394eea59590fdc151a7c35329,Aaron,Jones,Manager,washingtonwalter@yahoo.com
rhonda68,6994c400df00ccb08bf78fa6070030da,Benjamin,Tucker,Manager,nicholasholland@yahoo.com
awilliams,b071b027002950447a1065c98969f47b,Amanda,Patel,Manager,kgriffin@yahoo.com
hacosta,531f09a3d334d575dbb931debce4cceb,Tammy,Morgan,Manager,chandlerjean@gmail.com
elizabeth38,0f05310f58fa8a297545a66a52fc40ab,Nicholas,Gill,Manager,hilldavid@gmail.com
lauren03,7b6944cdb7424a2f3ccf462d119de56b,Amanda,King,Manager,chunter@hotmail.com
ihill,65d5ad6dfdcdce1cb17d2e630f2ae342,Jessica,Lamb,Manager,jroberts@yahoo.com
barbararodgers,e3697b1de8f7e534aad4e73af5aee15f,Lisa,Perkins,Manager,danielsaunders@gmail.com
qnorris,e80bc7950a22fe7e7fc7a1b4013ad4b8,Dylan,Vance,Manager,andrea18@gmail.com
sarah22,473c6adc58cd714787548a8c8ad2e05f,Ashley,Morales,Manager,eharris@hotmail.com
tomlopez,978ca1f211a1ca40eafe52115102b90a,Edward,Hayes,Manager,vleblanc@yahoo.com
victoriacaldwell,3e414c9d72543b0b08209101383a9655,Dana,Williams,Manager,julia52@hotmail.com
alex78,60f07a3118c28d2e8db755f0da151751,Alexander,Dean,Manager,monroelisa@hotmail.com
donald18,7eadcbb90bae68e93adfe5d3c1e06206,Michele,Allen,Manager,johnsnow@gmail.com
william85,967ff97752eb3af7457a280fceb72563,Randall,Smith,Manager,schmittshannon@yahoo.com
andreacobb,bbf694bfeffeedbb7bc56e4c84b15750,Haley,Smith,Manager,crystalrobertson@gmail.com
ilarsen,1541427ed4947bf43ca4c7b72c4cd359,Lauren,Stout,Manager,matthewsamber@yahoo.com
tracybean,200553f66e1778fa52b60aedf19ebdd4,Brittany,Browning,Manager,cgarcia@gmail.com
zwilson,a5948620dd25944dc60e0b9f2ebf5b92,Michael,Miranda,Manager,owensjennifer@gmail.com
osmith,c131f667999eecaa4aa4ac0198970bf3,Amanda,Mitchell,Manager,amber57@hotmail.com
keith25,de66920178b716699d869945b5737bff,Jason,West,Manager,ogentry@yahoo.com
jwatson,a507efbfb8bd42fc092566ae46d9a17c,Kelsey,Bush,Manager,bdiaz@gmail.com
kevinnguyen,ce03460bf64ef61a792ce8a4c4b885dc,Brian,Clements,Manager,sara87@hotmail.com
nataliegibbs,d3cc5951b31069cabdf8c5ea3ce47531,Heather,Wilson,Manager,james25@gmail.com
xlopez,158407d2515e6c85ce2ae14bcb6a8132,Melanie,Murphy,Manager,laura91@gmail.com
avilamaurice,e54278485f082981db017ae639160181,Cynthia,Walker,Manager,johnny47@hotmail.com
patricia55,62e7b44347810b1a60ae73f3f9444b93,Dawn,Stanley,Manager,kim57@gmail.com
iwilson,dc4c6c1f606f658cc594b358b69709b7,Shelby,Rowland,Manager,johnsonchristine@hotmail.com
fguerra,6a71dd1ed832941cbab8c2a3414801a3,Nicole,Bird,Manager,stephaniezimmerman@yahoo.com
wadejose,21164dddba9f856475bce11fbfe792b4,Jason,Garza,Manager,vgonzalez@gmail.com
obarber,aa8acb328149c84ca957cf37176af1c6,Stacy,Long,Manager,sherry71@hotmail.com
qduke,52498553be3444e72ccc09417a9076a8,Jennifer,Sutton,Manager,tjohnson@gmail.com
danielandrew,298038f7ac2386acc426953495a7a7ee,Amy,Olson,Manager,patriciaramsey@gmail.com
derekcastro,b13069d4a958c4fa0c3851f112e10ab3,Sarah,Hernandez,Manager,stephenwilliams@gmail.com
rebeccamorgan,b73a801090400390d5703ef5408f5804,Shannon,Adams,Manager,ysolis@hotmail.com
ralphjordan,aedaa5f8647e501068ac593d715cff5e,Brent,Welch,Manager,johnbarajas@yahoo.com
mphillips,6c9cfc0499b9b451f3768ba01b641048,Gregory,Deleon,Manager,yford@yahoo.com
lorisalas,bad731fe2a1d2f817a0aff991ccda02a,Zachary,Clarke,Manager,christensencindy@hotmail.com
alexander16,4c134bab2cb674be98318812920d4b9e,Matthew,Simmons,Manager,sabrina94@hotmail.com
woodardmichael,1c8d04be0c4a8b0108e58067ca1e5770,Theresa,Garrison,Manager,stephanie89@yahoo.com
nsanders,f8a8449c49ca37aab26276ad6788c01d,Brian,Lee,Manager,nielsentara@yahoo.com
awells,00b8e1a66226ba4b4b8ae37d941cb760,William,Miller,Manager,hardingmatthew@yahoo.com
mstone,73bced497fd62d500e7dfe9dbe69b50b,Timothy,Donovan,Manager,melissasmith@yahoo.com
michaelswanson,c70edcb1ff03cc179ae1959e0c975675,Jamie,Nielsen,Manager,larryprice@hotmail.com
shannonmaxwell,4f9f55d61f7920392c679282400d61cd,Michael,Silva,Manager,johnsonmargaret@gmail.com
fisherjeremy,d4eee3a968f1bc00f78e0c7433525f64,Heather,Garcia,Manager,daniel24@yahoo.com
hoodmichael,7644e782797ffcea9c1ec14c64714007,Amanda,Kim,Manager,katherine11@yahoo.com
hilllori,40466bc387fc315d6d3ea014c5a2592b,Mariah,Smith,Manager,rachelwashington@yahoo.com
william88,fc5ef2b209d782ec21b7c0e120b8deb2,Tonya,Franklin,Manager,jimmyjohnston@gmail.com
hillsteven,dfc541810cb6e519dc7fce278502f7d4,James,Schmidt,Manager,ramseydavid@yahoo.com
jsmith,22958b85f8104ba97fdb4a8e40e6ace6,Brian,White,Manager,leahdonaldson@gmail.com
timothyfernandez,7c01570c4522e41835592afbb5625932,Jonathan,Harrison,Manager,seanyoung@hotmail.com
allen69,3a82b8d764688c8beca20761095fad39,Jonathan,King,Manager,mfarrell@gmail.com
reyesdavid,4e73d83a81a356710bb3da1d56e8b0ff,Dawn,Jones,Manager,rmorgan@yahoo.com
garciakim,35e6858029020cbea357f58777f219b3,Donald,Neal,Manager,ebrooks@hotmail.com
kevin51,b25fabb87f6655c797013acadf489a24,Mary,Williams,Manager,wmcguire@gmail.com
aclarke,42ab07d3c21f1bff44fe6ac67dc43455,Zachary,Baker,Manager,ublair@hotmail.com
christopher94,1c7cbf28f38c8e131bb14a9596b2e2dd,Eric,Hansen,Manager,mario23@yahoo.com
traviswalker,c0da85d4472540b303c2625e010720e5,Madison,Burke,Manager,carolyn32@yahoo.com
davidbrown,304ce19003e6b8faa2a0233fdc2692b8,Logan,Becker,Manager,hickmancristina@yahoo.com
joshuagonzalez,f633edd3a35385e5fb0b4240af195c62,Tiffany,Cunningham,Manager,riggsjohn@gmail.com
haileysnyder,19b6d402b12b50cab44b8e7e55cc58d2,Brenda,Scott,Manager,schan@hotmail.com
alexandra68,cf70943f93383f1469a62949047dd017,Gary,Alvarez,Manager,nelsonmegan@gmail.com
woodcrystal,04c716639843366cf046a7dedc2148d8,Katherine,Gates,Manager,brittney33@gmail.com
esilva,e3dab67d4d95b242f4421cba6fea7d08,Michael,Myers,Manager,yjohnson@yahoo.com
operry,f74bff9c8060c6141963506e101ee892,Autumn,Vargas,Manager,elewis@gmail.com
dustinphillips,26a2419a04c251eb64516eb2ff9b1e0e,Jacqueline,Krueger,Manager,parsonspatricia@gmail.com
pwalker,c9317742512286594cf2a1f2eb4697be,Gail,Little,Manager,paulasmith@yahoo.com
pryan,b48a98355c44191344f0da8e4539c8b1,Ronald,Charles,Manager,rodriguezjoshua@gmail.com
amanda14,6f9a27b0dc82a5ba41a30eaf735f0afa,David,Woodard,Manager,cgreen@gmail.com
adamschaefer,55c4016ce31ab25572ae6ba34b0406c3,Anna,Scott,Manager,penakaren@yahoo.com
fkennedy,a02ee2aa1b33b7fc5b04f770d6735af3,Travis,Torres,Manager,wongbrian@yahoo.com
wcline,cd354ff9494f7ea4ada25823e7499b87,Elizabeth,Singleton,Manager,melanie31@yahoo.com
sloaneric,0b1c289be90d5cd7e58c7964167ba84e,Amy,Lambert,Manager,matthew44@hotmail.com
guerravanessa,220af2a89459506fb92178e057d702e6,Kirk,Marsh,Manager,gracehernandez@yahoo.com
larryyork,fd69cd2baa5684af5abf0a4ee8fa104e,Robert,Sheppard,Manager,farmerkelsey@yahoo.com
hartjoshua,e2b5cbadaef59a179a03a69ccfd8b4a2,Joshua,Smith,Manager,walkerjohn@gmail.com
christianadams,c11fc6105505e5e77bf8f03c854df32b,Caleb,Burnett,Manager,amypatterson@yahoo.com
collinsjulie,85535fc8516a1c1eeac24cafe2ff0e18,Amy,Wilkerson,Manager,pkeller@gmail.com
travisjennifer,b2c31309b4ed8d7ff520f355807cb883,David,Acosta,Manager,brandon00@hotmail.com
danielle83,063b88571a74dbba42d4dacf44236747,Jose,Li,Manager,susan27@yahoo.com
espinozajeffrey,7dcc79d00118f27fc153904263e9d969,Sharon,Green,Manager,arroyoronnie@gmail.com
erika35,6d918591a537419784ca2949f406b95b,Jessica,Goodman,Manager,rogersmark@hotmail.com
denise12,0ad7bc682a5e0e8007d8ae82f74b0ed4,Jacob,Carter,Manager,leeric@gmail.com
owenanita,2288b7f4efb37895aa9c413ccb334c1c,Michael,Smith,Manager,martinezpatrick@hotmail.com
david89,856f7c4895d3763668598aa232f9d2fd,Noah,Mcguire,Manager,hspencer@gmail.com
lisa76,1f671d70e0aeba359c9ef0435fccb0c1,Gregory,Campbell,Manager,samanthadrake@gmail.com
gregorybailey,8116eae9a0e2ab485f452822a6802ab7,Catherine,Cruz,Manager,hfreeman@gmail.com
juan96,e81ec4b7e8ae7d69c4de7d1f40cde33a,Larry,House,Manager,courtney14@gmail.com
whitney09,4221614a19c9d6618cbb37b4df2b8c2c,Christian,Osborne,Manager,kevinclarke@gmail.com
elizabeth69,a7d5bde77596ae5894572c4f24c8f161,Mario,Brooks,Manager,jeremy51@gmail.com
patricia15,1030754cad34e9fb1a54ddc8bd43aacd,Renee,Graham,Manager,steveningram@hotmail.com
hopkinsfranklin,ab7eed97ddca1863fe4a74dae3ae45ef,Laura,Mcneil,Manager,julieperkins@gmail.com
taylorkatie,1a5a95bcc2185094e7f1295c5ad47e22,Ashley,Singh,Manager,michaeljackson@yahoo.com
gmason,0498584784a18afe3f218f7aa7ff25f4,Robert,Stewart,Manager,hmartinez@yahoo.com
hilljames,b4280325a326f0987003ad5d101fdc5b,Jason,Hernandez,Manager,msmith@yahoo.com
kmiles,0dedae1b510b943599f4e68fbce94e99,Jennifer,Richardson,Manager,zmann@gmail.com
nelsonjustin,2d92c7436927a81dfa29f4e9dd074719,Aaron,Gray,Manager,randallkelly@gmail.com
emily25,9da6d96cecad625db89e1a2df0972d68,Jesse,Mercer,Manager,chapmanjames@yahoo.com
matthew47,ef3be83e6e0d52a3f3d6769ae451720e,Michelle,Allen,Manager,mitchellalexis@gmail.com
ypena,45ea9539a5d79bdb07eff8ffe45f6e3c,Cory,Smith,Manager,colerandy@hotmail.com
hmartin,838ac96c456123feef7521a51748df16,Amanda,Houston,Manager,ntran@gmail.com
adamford,31729d9d04cab9d472e7e5444f686e19,Dustin,White,Manager,nicholasroberts@gmail.com
rcabrera,8ab618b59b592fa7a213cb39a7ffa49c,Michael,Mora,Manager,kmcfarland@gmail.com
bradleyfox,44b8cd520349545628b25e9a5d526ce3,Stacey,Golden,Manager,branchterri@hotmail.com
sarah49,feffda5c7b15c86aa2381548b46184b1,Brian,Anderson,Manager,lhernandez@yahoo.com
brad01,c671774e304d01e4bfe30b418704ce50,Anthony,Lee,Manager,salinasjillian@gmail.com
camposkristine,ef93801c7d2321ef0f1801555bbf3142,Susan,Martin,Manager,ggeorge@hotmail.com
englishbrian,0adc407589700d00e6e03ff24b8fd755,Darryl,Rodriguez,Manager,george58@yahoo.com
yangkristen,da82b9d66d8153e0ed5049c9b900bd44,Manuel,Rodriguez,Manager,randallbarrett@hotmail.com
audrey47,542458f0b7295c450dc1b746609be6f8,Amy,Schmitt,Manager,howellmark@hotmail.com
nfranklin,4a8f36604091541cf8fc6e1784b559ab,Abigail,Daniels,Manager,sanderscolleen@yahoo.com
ryanrivera,ff778cc746b9d5eb3f2361a2a90b16fc,Roy,Taylor,Manager,jackiewilkins@hotmail.com
adamsullivan,1dd7e2248d2002da08b645827f007058,Nathan,Williams,Manager,johnsonangela@gmail.com
ayalanatalie,f4f0aba2e612496ee43aeff6654ae693,Tom,Parker,Manager,zblack@yahoo.com
brooke02,b9b80f144244ffdba8cfdd7319f13b95,Kylie,Whitaker,Manager,bakerphilip@gmail.com
ufranklin,83c167fdb2a9935c315968f3b9b2b223,Amber,Gutierrez,Manager,vcox@yahoo.com
kevin58,4ca6d6eb181a4aa13ea108521a8ea25e,Joshua,Rowland,Manager,hstevenson@gmail.com
rthornton,60624349c8de04b7640a9e0e02ce8890,Christopher,Deleon,Manager,leepadilla@gmail.com
joannanguyen,9470130571ad07778e9937cd449dad16,Sara,Frye,Manager,haroldthornton@gmail.com
watkinswilliam,7e0a1acf95b8e1079c04c5787076c6c7,Joshua,Gill,Manager,judy62@gmail.com
jdoyle,9e69abcf796e553709b2a5cbbeb361ad,Sara,Logan,Manager,smithronald@gmail.com
thompsontiffany,7b56f512d24adc2de8bf7fd435e696f1,James,Contreras,Manager,shawchristian@gmail.com
april15,930beb583ebab224ab7a2e658b697f67,Timothy,Lewis,Manager,donnamoore@yahoo.com
christophermartin,e29726f58e57b15b7c99f7a5885e8e93,Anthony,Rose,Manager,matthewsmith@hotmail.com
erinprice,b04f61d9a9bbd2e85b27c126fec1c76c,Christopher,Thomas,Manager,eric25@hotmail.com
savagerobyn,d9f658c309d41a6dfebdca2723b95248,Lynn,Brown,Manager,ylawrence@gmail.com
ysmith,c973d9be6a730837bcbb2247331be5a1,Timothy,Lozano,Manager,stephanie37@hotmail.com
jennifer81,d7ec1369344c8e77f9a942e663a1868c,Sandra,Fowler,Manager,petersonjeffery@yahoo.com
kristin14,f8d5dbd00b0cdd3d33c239c2e106bb2d,Judy,Jones,Manager,jim84@hotmail.com
michael65,be3b0f3f7e77e84abb86493e3eb56b00,Lisa,Casey,Manager,hkrueger@gmail.com
lewischad,9939bf7dd24ae8f7af197517e20bb8ea,Grant,Bowen,Manager,hayneskari@yahoo.com
ndavid,0bdaaae04730c6ba4870e599c765ef32,Sarah,Tapia,Manager,richardsonkellie@hotmail.com
donaldwhite,d41d6ceb0fa7a2647cd7d64947c12975,Alicia,Reynolds,Manager,qturner@hotmail.com
sethburns,341a34c336088caf59065c96e68300d9,Gregory,Garner,Manager,fhoward@yahoo.com
zhawkins,14c3425b0196370f64269cde5cdb080e,Steven,Russell,Manager,yhill@gmail.com
franciscobrooks,dff537996ffcdf9f839a5611a04865a6,Dean,Sanchez,Manager,daltonwendy@hotmail.com
janemoreno,f89387087bec955c66c6106baefc2e32,Kayla,Sanchez,Manager,bwilkerson@yahoo.com
qsmith,8666bcaa6f9be39c9794740e907e4b2a,James,Thomas,Manager,andersoncalvin@hotmail.com
lduffy,590d956448e9a93851348936ef7d61de,Destiny,Rodriguez,Manager,justinbray@yahoo.com
noahmyers,3178cd9fbb0911fabd0ed2837dd2720d,Dalton,Bryan,Manager,fcameron@hotmail.com
gonzalezangela,be8b94c7efe6c21893fdef020dc97c22,Brian,Miranda,Manager,huffmatthew@gmail.com
tylerdavis,dbcc8b3ac8c7607b462698da7f69c147,Daniel,Berger,Manager,karenmoses@hotmail.com
maynardmatthew,c36b9334019d618741a4c4208f2e6449,Steve,Simon,Manager,zhull@gmail.com
shelleyball,a269a5caa2dbc1e38b71e9bcffc28c27,Christopher,Stanley,Manager,jeremyharrison@yahoo.com
stanley14,6eb34c76a0bb38611dd02f7509844bd0,Maria,Sutton,Manager,robertlane@gmail.com
alvaradobreanna,bfd89b8dd4d0a8f6446d7a95e19e9b60,Timothy,Young,Manager,hannarandall@gmail.com
qmorgan,62a7ba68f68b21522f2eff6e053db029,Alyssa,Gonzalez,Manager,russowilliam@hotmail.com
matthewsstacy,b296a77212d30309cf6f099159ade506,Elizabeth,Ruiz,Manager,hcastillo@gmail.com
donald40,c17f85e05de8b0988404d7edac2ebced,John,Smith,Manager,kyle75@hotmail.com
tlong,2599d8c18544881064bf2d3b6a82728a,Jack,Martin,Manager,baileyjennifer@gmail.com
tbeck,55cbece468a4f4ad43e61a4459da9ff2,Susan,Graves,Manager,francisco12@yahoo.com
sarahfrazier,b6f95be067d467e255d25a3c61c1a841,Tom,Richmond,Manager,heidiparker@gmail.com
aharris,eaab1850cdc81215e92ac9852589bd1e,Linda,Alvarez,Manager,taylorthomas@yahoo.com
myersandrea,b0bed140296fb7344a31d189d1f6cd1d,Eileen,Smith,Manager,justin57@gmail.com
kthompson,89ee4a7823c794aec90ec6a45d2ff84c,Vincent,Richard,Manager,elizabethfinley@yahoo.com
kimmartinez,34972d81fbb04ebdd69c6bd9c4044fe1,Jennifer,Murray,Manager,howellbrian@gmail.com
bradfordmichael,3f9ef3c49410f5b3db41f9c33e71a7bf,Ashley,Johnson,Manager,marie57@hotmail.com
mariafreeman,09c1119ac28ad3d81e6d23d622fe020f,Chris,Bell,Manager,courtneymendez@hotmail.com
darrell45,8724dc3a7895a5f3f707122d19236299,Dennis,Chambers,Manager,michellebarrera@hotmail.com
blakejeffrey,9c111d102770a636b3020781efb75c43,Crystal,Frederick,Manager,telliott@hotmail.com
travisjones,cd2b2c3d6e4b21d62708a016d0041d31,William,Smith,Manager,johnmcpherson@gmail.com
karen27,a81a27b90bd3a0c5e44d77cc13642539,Michael,York,Manager,gcervantes@gmail.com
sharon47,8b0bf905d5ccb7cd6ff81382aae7e7c1,Teresa,Cox,Manager,jason38@yahoo.com
danielhammond,eb96d6979711a084f4535bc957f37ada,Mary,Holloway,Manager,melissahester@hotmail.com
miranda72,0331ffa89945d2f939ff3165ef7ba1b3,Andre,Vincent,Manager,zconner@hotmail.com
zmorgan,a3a6915a4c7a69fa6c832207035b02db,Jamie,Harrington,Manager,rachelfigueroa@gmail.com
charles95,9d8345fc76d56b3b647a6b44d6362922,Lisa,Nguyen,Manager,williamssara@yahoo.com
april28,87742e2ea04d532fdb7bf00000e33888,Juan,Nicholson,Manager,rebecca57@hotmail.com
dorseychristopher,51d9a5e7676c806a00f6857f22172b42,Frederick,Beard,Manager,gaineskatie@yahoo.com
howellwayne,cae898c7ebada0eb7cd4a80dd0499808,Alicia,Harris,Manager,wallaceheather@gmail.com
stephen62,f955dcd3cab42a2ec7d941a064a29d6b,Emily,Johnson,Manager,aduarte@yahoo.com
jamesingram,b6f5c3dee564852c07cf973dfe669415,Kimberly,Cunningham,Manager,perezsamuel@gmail.com
rlee,8be03e19a887ab265b360cbf09f3519d,Tracie,Powell,Manager,bondariel@yahoo.com
jonathan57,fd3bcf0a0fe27e1bfe8b3e26f177891e,Kristen,Mitchell,Manager,sandersanna@yahoo.com
mahoneypaul,98a2ca792223f4d29b4ad007be48cade,Raymond,Young,Manager,alexander30@gmail.com
cheryl45,548c357b2046aa424f3bfca3536adb63,Thomas,Davis,Manager,patrickboyd@gmail.com
michaelsmith,7e401cb61a9c498e3c9373e840e9282b,Veronica,Williams,Manager,hallstacey@yahoo.com
zbowen,4601386ff682fc00c680b86dca7339b0,Lawrence,Weber,Manager,kharris@yahoo.com
theresawiley,c6766d29e2f4864f2294cb405ce7db00,Cassie,Villarreal,Manager,aparks@gmail.com
wyatthernandez,e8ab15199f08ccf363c41b7d220dae60,Alison,Whitehead,Manager,vasquezdillon@gmail.com
zavalamiguel,7f41113c2097dd878eec0fe245205fe2,Daniel,Larson,Manager,tina04@hotmail.com
cheyenne90,fd257ab7a768a7ef33e67111ae013a4d,Latoya,Ferguson,Manager,wilsonphillip@gmail.com
lrivera,ff282755c875e3f3a72dde8eaf402507,Joseph,Wood,Manager,hoffmanrichard@yahoo.com
vcarney,9fe864d7738c204bd69262d0a0b8bc72,Gregory,Blair,Manager,roberthatfield@hotmail.com
kimberly70,9b24dae76516710b93103e3b2aafbfcf,Wendy,Riddle,Manager,kennedyjose@gmail.com
amybishop,f9ff3e63244ac179dec8bc4270375665,Kelly,Miller,Manager,dbrown@gmail.com
kennethgiles,aec5a506538be3a8ed7d35ed08a3352b,Michael,Hill,Manager,hardingsamantha@gmail.com
salazarmelissa,8cb4725032a9861177770202e79c1991,Jody,Evans,Manager,jessica88@yahoo.com
msmith,91821a4a6440f0f80cba4d3a605a592f,Janice,Duran,Manager,qrandall@yahoo.com
mitchellwendy,f3254ac48be3347acef0ab980b895c57,Brian,Johnson,Manager,gomezandrew@hotmail.com
kevin28,f73bba052a77173e8899ecd6bafdec35,Andrew,Welch,Manager,klogan@hotmail.com
jcrawford,b6f6c4ba813bcb1fd5e728dff4d066d7,Austin,Payne,Manager,gailgross@hotmail.com
kristygraham,cf3223674922d0d8a660b5f9f2e2bc73,Theresa,Garcia,Manager,wfox@gmail.com
david46,68ac9b7a0d6f2a4898e182cc06e9030f,Luis,Clay,Manager,huntermiller@yahoo.com
fwilson,fec3e411bdf7ffd5482edafaf11b81b8,Ryan,Warren,Manager,matthew17@hotmail.com
byrdandrew,c2ddc7d21c75b4484b59527d05ec4bee,Mark,Williams,Manager,jdean@yahoo.com
william10,7a5e13a237b7d73a64f7badd252c75ca,Amy,Bryan,Manager,christopher93@gmail.com
xclark,8d9c2be18f340445dd361a41d8b469f3,Chris,White,Manager,richardbaker@yahoo.com
brownkaren,4b77a7fac274cf28356857c2dd7b6552,William,Leonard,Manager,bellstacey@yahoo.com
barry41,cfbd47d65affd37b32995541b44f8858,Adam,Lamb,Manager,ysims@yahoo.com
solisandrew,c28b6fd7ee864c83671a140eda79c8d4,Rachel,Rodriguez,Manager,bakerdebbie@yahoo.com
jhale,1c0babdc064cd6298518d859c3bea3dc,Tanya,Rubio,Manager,briancooley@gmail.com
anthonybrown,318b0c29535333217155da7b0e0e7571,Brittany,Taylor,Manager,nshelton@hotmail.com
katherinevillegas,a9a353f8d5ebf037f3543275a6532c7e,Christopher,Williams,Manager,ymahoney@gmail.com
boyledonald,12d5f6ac84d3414ef81d946062b86adb,James,Allen,Manager,zbell@hotmail.com
markhunt,775c5914208034210959ca20aaf743ab,Dennis,Hill,Manager,aadams@hotmail.com
smithryan,8015d7aa185fbfc040a4a660b0264c9a,Patrick,Shaffer,Manager,paulstevens@gmail.com
jvilla,4d17d417e20047e75dc318d365f83895,Ryan,Reynolds,Manager,juliagonzales@yahoo.com
hilledward,fb0fe69f8324ef674cce8c040fe4ed3f,Jonathan,Hughes,Manager,anthony01@hotmail.com
darlene46,503459a819b28d60270208a3ee60919b,Tamara,Mason,Manager,alvarezteresa@hotmail.com
laurie81,9c842e88052fe554495b5779d96e2d37,Amy,Ho,Manager,richard72@yahoo.com
jenniferfoster,20ff4c3d178ad7072e79c32527d73cf1,Anthony,Sanchez,Manager,patrick69@gmail.com
joseph96,e002aee7a77ee7fbfdfc8aacf333d9fd,Katherine,Barber,Manager,cassidybrown@gmail.com
andersonjohn,d257195dbb1953949cacb4272295a91b,Maurice,Spencer,Manager,meganpatterson@gmail.com
watsontina,045779ee17a2541fa28b94dfcc48a6c1,Julia,Ramirez,Manager,kimberlyhooper@hotmail.com
kwilliams,b96cf2fdb4e45f7cb05048b8a9b71c42,Joseph,Garner,Manager,cbest@gmail.com
andrewsaunders,028ec11ee674d9a49222600c05490bf2,Russell,Baker,Manager,fosterandrew@hotmail.com
tapiaamanda,c9241fd5c34a70f13a7b7a0eb3d3625e,Stephanie,Willis,Manager,jameshines@hotmail.com
gshaw,6b59fa4b3008811d9bcc1ee1c63d2760,Jim,Hinton,Manager,craymond@gmail.com
austinsmith,884657aea000aa2c9758cc802e77c021,Cory,Turner,Manager,kallen@gmail.com
bdelgado,185d22e6a605c514f9922ddd62421790,Johnathan,Mitchell,Manager,stuartmatthew@hotmail.com
asilva,6f4c138d2a3449aae14230d407272894,Elizabeth,Shah,Manager,brandon88@gmail.com
jennifer92,0e7c84e4349bbb8443e1e811cbcc450a,Steven,Hill,Manager,abbottjames@yahoo.com
nicholskathleen,d6f3d21a95954dcfb0795bed649ee18b,Angelica,Johnson,Manager,aterry@hotmail.com
lalexander,1530cc036a954f19829af02728c410f3,Jorge,Sloan,Manager,stacy83@hotmail.com
vaughnthomas,11c00949ffbdec2ee9484af5968465e4,James,Ellison,Manager,awatts@yahoo.com
mroberts,8fff901b674d4e44b669d52bb0fce045,Robert,Pierce,Manager,tyler26@gmail.com
richard01,f7358c7639901a4e9ccdb1a7ea2ad16a,Jessica,Ware,Manager,annsmith@yahoo.com
david79,e9420163820511b44b03a802bc25112b,Jessica,Miller,Manager,nrasmussen@hotmail.com
samuel62,2a32cf2c1e632ff813e53f5e6500c281,Mike,Ross,Manager,jennifer92@yahoo.com
jcarson,5e993cccf9404df96cd4024863f455e7,Barry,Montgomery,Manager,nicholasmorrison@yahoo.com
virginia87,58db42e835bf245becc4155ca94dc495,Jeremy,Ferguson,Manager,rcampbell@yahoo.com
philip83,837d08f46d6fba7492a27ed8b2fcc5d9,Danielle,Howe,Manager,cameron45@yahoo.com
calebyoung,2ccc266489d21c58a460efb618740e3f,Harry,Lopez,Manager,millerdavid@yahoo.com
jonathan84,f96e01effa954c229763124d7e93762b,Brian,Walker,Manager,jason18@gmail.com
ndavis,a1a0d00157cebaae5844ad6f589fd12c,Hector,Williams,Manager,dwillis@gmail.com
kimberlymejia,5f50030f9d56bf2464f835e7debcb385,Dawn,Lawson,Manager,hardykathryn@yahoo.com
sabrinaking,b399fff830ca235f96fed26c19c7c1c1,James,Bartlett,Manager,xpatel@gmail.com
kevin68,d519e8e95eb272cd633888fe82bec674,Kenneth,Anderson,Manager,zachary36@yahoo.com
masonchristopher,8b2ca3b72a2226585fd0ea342cca20e1,Sonia,Wise,Manager,hallangelica@yahoo.com
emily85,adb49d6e8a15884378ca943673a3cee3,Joshua,Ford,Manager,audreyowens@gmail.com
laura33,b459844e874f98013866606857224094,James,Murphy,Manager,grantcarolyn@gmail.com
sullivandaniel,32f39414f07058ecdc2966755cd9c770,Aaron,Cox,Manager,brian36@yahoo.com
hurstdominic,bf324f54fc2f31722ad56ca439a9bf53,Yvonne,Watson,Manager,laurenwashington@yahoo.com
reednicole,44579ed2908c24c31ddcd1b0f6409bb3,Nicole,Gates,Manager,gnelson@hotmail.com
gabrielsutton,d97e670127e4f92cc2243117c0d746b0,Rebecca,Chen,Manager,cooleylaura@gmail.com
shahtina,8f6c2e73b75416bb173bfa0161afe1a2,Katherine,Walker,Manager,michaelmiller@gmail.com
brandon03,5bdf4a0b29f1026af9efaba7c65cefb1,Jason,Higgins,Manager,kevinglenn@yahoo.com
jennifernguyen,0505381ca5c56a686f71fe5f04b5a1c5,Rachel,Cooper,Manager,reneelopez@yahoo.com
erichampton,556f050bf48b44b95ddb7d236fcd2559,Mary,Taylor,Manager,timothy13@yahoo.com
lisawilliams,f170db12cae956846b350dfaaeddfbcb,Angel,Gutierrez,Manager,juarezalex@hotmail.com
daviddavis,6672eab85b68309e84df3f6716b8f081,Rebecca,Jackson,Manager,joyce37@hotmail.com
michelle12,1bbaa6155a1dbe806232e3d2b6527b47,Ronald,Hughes,Manager,bridget21@yahoo.com
travis97,01a436c4bcd316ffec9c862d68f74ef1,James,Martinez,Manager,johnmoody@gmail.com
lori03,96b973146d03a56bc2cba4208deb14b7,Nathaniel,Brown,Manager,cindy54@hotmail.com
jacksoncynthia,ed9fb757a75ba7fb61172e5f1550c64f,Gregory,Garcia,Manager,jackpark@gmail.com
jennifersimpson,946b9868c70cc03814a93ab7bd47ac37,Matthew,Beard,Manager,yesenia94@hotmail.com
martha25,82b3dd070ef5ff1bf234e054d9b2a893,Aaron,Curry,Manager,joshuabarker@yahoo.com
kathryn55,2469c7052e0f7cd936e61291d2056a00,Robert,Ball,Manager,zsmith@hotmail.com
lvang,36b6a9dd5380475f016d5e7575228b7d,Brent,Ramos,Manager,david08@hotmail.com
alexandermartin,63c26bd374611ab8f0d18eddb995dd10,Stephanie,Powell,Manager,johngreene@yahoo.com
wilsonstephanie,a87cd23be9815dedb8bbc676b96c118d,Aaron,Young,Manager,terri19@hotmail.com
joshua08,96069f70b48a3d8673089b579c0f230d,Chad,Rodriguez,Manager,gcombs@gmail.com
heatherthomas,66f6bc6778d2b8020b256be4337e9e3d,Mark,Smith,Manager,mccormickjessica@yahoo.com
mannkimberly,4e5d0c99f8b261f61936f0987ae8b52c,Ashley,Hunter,Manager,kdennis@yahoo.com
hcardenas,55bfb361b39bb5431993d6f64f8d9a63,Joseph,Tucker,Manager,timothyfloyd@gmail.com
hunternest,0347001666b4b5018e534ce79158b609,Kim,Gomez,Manager,dtownsend@hotmail.com
morrisjason,619b8dd23cb486f1cd99029473b54b65,Kathy,West,Manager,garciaheather@hotmail.com
michellehogan,00fec9917920bde436ae8e01ee026a4d,George,Brown,Manager,evanschristina@hotmail.com
wardcarlos,4ac054ce239d639fb2c79155925cd25e,George,Morgan,Manager,garciajoe@yahoo.com
upage,df3479644fb0d42f24fef0e5511e8d7a,Tyler,Hoffman,Manager,phillip21@gmail.com
snydertyler,2cf648dfbe8371a3e1dd598a09aa2fd0,Robert,Wright,Manager,rholland@gmail.com
calebbrown,3cb160c088ba7daad8efe41819a80bf7,Amy,Smith,Manager,lindaallen@yahoo.com
amanda77,dafde987dad92b34cdc22cacac16fce6,Jason,Howard,Manager,kingkaren@gmail.com
pgomez,8f1afdea43b3f826b3d34eafffacd3db,Angela,Goodman,Manager,peter72@hotmail.com
danielle46,65133b1f381122d8f8b625e00db12d70,Anthony,Wallace,Manager,campbellashley@hotmail.com
marybell,d968946e8eb23a36d3654b67d6a50cb2,Philip,Davis,Manager,nicole08@gmail.com
diazmason,88acc055193fd1382e4957052ac56884,Michelle,Chen,Manager,michael25@yahoo.com
robertsdaniel,08c6e9d8c36e79f0b6323c3cd2747a60,Brian,Thompson,Manager,tamara86@yahoo.com
brandonwalker,0295419ffbdb618a3741e06bf68fbef2,Richard,Velez,Manager,shannon98@gmail.com
ubryant,932e7ef550949d4b420a15a16757ec76,Robert,Francis,Manager,kristin32@gmail.com
hjackson,42fa34311f20484c0f390d7fcff54d72,Christopher,Becker,Manager,carlortiz@yahoo.com
nathanrobinson,fadc6477586fa309562bda3204615d61,Daniel,Gonzalez,Manager,vshea@hotmail.com
brandonhawkins,1d115e4d83d506762d8422acdaf28ff1,Anthony,Hayden,Manager,qparks@yahoo.com
ihenson,80b031db2361134fc9a6575de087b413,Jesus,Gregory,Manager,icarpenter@gmail.com
smithbarbara,69e5288b1795b914fc45899e456e46a2,Brandon,Jensen,Manager,zrichardson@hotmail.com
tuckerchristopher,798dab60db2b2a480074cf866c9f5e4c,John,Hernandez,Manager,kimdavid@gmail.com
uhancock,b2675a52e9d43ac2f0de5a9bf38b1a17,Robert,Dunn,Manager,april22@gmail.com
tfoster,67fa561e2ba5a4b2cb9b53920562e6bd,Karen,Lowe,Manager,xflores@gmail.com
tiffany36,c1af42f82768c4b410808388b66522e8,Dennis,Hawkins,Manager,tuckerdebbie@yahoo.com
sara86,fc333b2a2d41e3dc83153bdb2dc77aed,Monique,Brewer,Manager,charleseric@gmail.com
jacobholmes,d1aecaae2563974eb4542efed083d218,Thomas,Sandoval,Manager,fdavila@yahoo.com
dakotaforbes,238350a7e77ec00d50f198094f058bd8,Shelby,Li,Manager,christina74@yahoo.com
jaredliu,c295e3a2139197bd9c7a3ec8c02b7a6f,Katie,Diaz,Manager,sandra97@hotmail.com
louisbradley,f4b293623f3f1c854b10406668d8d4e6,Dakota,Francis,Manager,edwardchandler@gmail.com
timadams,1a512844f2ee10e0554b80ef4be03c4e,Ryan,Hawkins,Manager,dawnguerra@gmail.com
tony09,f8b3e06e234597e0ef7e2c5df241ffeb,Alexander,Wilson,Manager,kenneth75@hotmail.com
amandacisneros,44792b3656219d0325db5ef8b506d064,Joel,Sampson,Manager,stevenjackson@gmail.com
racheldonovan,89b497c8374833e129bf19935f45a229,Jason,Martin,Manager,shannonlopez@yahoo.com
christina44,8b80f5bdf73712585e957a4c1f3bd208,Patricia,Garcia,Manager,garciajames@gmail.com
bakerwilliam,95faafa9e23dda573d3ba2917c3d97c0,Mary,Clark,Manager,coxashley@gmail.com
stevejackson,146dfe513e9320a9ed0ed0c499c98666,Donald,Robinson,Manager,beckerdeanna@hotmail.com
mollylam,7a6d79d83dad938cf7cf5fe743573a92,Andrew,Hughes,Manager,jimmywood@gmail.com
jacobstanner,d891c4a7e3ff7f621caaafd9e4638b69,Anita,Hernandez,Manager,ureese@hotmail.com
joshuapadilla,af8505803749fc145e460fdf077c2369,Bill,Wagner,Manager,uwarner@yahoo.com
connie60,939c7dc89981099b6d465045c8165c26,Jamie,Haas,Manager,cburke@gmail.com
matthew81,f18cfd2d0f9b3b1db3648511a13da592,Ryan,Tanner,Manager,johnrichard@yahoo.com
andrew16,7679d48707260ac9db188926253d2b47,Melissa,Fox,Manager,randallmarquez@hotmail.com
katherine41,80540b74c6181432c4d34c42868c8be3,Stephen,Duarte,Manager,dalegutierrez@yahoo.com
samuel67,13bb68b2337edf59311d0a017a519229,Colleen,Mccoy,Manager,joseph39@hotmail.com
nicholasboyd,339d58b357b672cdd78bbe3e9b45f1c1,Sandra,Abbott,Manager,jlowe@hotmail.com
mary87,2e43286bcac1fbaaee5da1b6ff28704f,Ryan,Johnson,Manager,bradleyrussell@hotmail.com
roykeith,6f54b7f53199861091c7378ee1e57bdc,Catherine,Vincent,Manager,wardwilliam@gmail.com
desiree12,98eb3329aa1efa0c1efba117ec53509d,Janet,Parks,Manager,rachel49@yahoo.com
pjohnson,f1ab4a6e856797937148cff3c1e2543f,Deborah,Wright,Manager,michaelsmall@gmail.com
dmoore,6d7934739ecceee68a57c3ebd3663ca1,Ashley,Mcconnell,Manager,morrispatrick@hotmail.com
pcarr,1a9b30f8d38e4c28e4fcdc1e3f3727b1,Danielle,Gregory,Manager,benitezjohn@hotmail.com
shortjeremy,5a5683247dbdbccc0fdb0c17c530bd5a,Andrew,Austin,Manager,lunanathan@hotmail.com
conneranne,6c272199fec4c79d6878aac80726bcca,Kathy,Hernandez,Manager,christopherdavis@gmail.com
